username,rating,comment
giovanialdia,5,"Pesenan teman buat anak2 n suaminya puas bgt ktanya krn bahannya bagus banget, warnanya juga keren, ukuran pas harga tergolong murah utk bahan yg bagus gitu."
y*****n,5,"Gak bisa berkata apa2 dah, saking bagusnya. Kainnya bagus, tebal. Nyaman dipake, cocok utk formal dn non formal juga. Utk warna merahnya bagus, rekomendasi bet dah. Thx seller..."
4*****7,5,"Mantap pengiriman cepat, pengemasan rapi, bahan bagus dan tebal, cuma salah pilih ukuran jadinya bajunya terlalu ngepas.. next bakal beli lagi yg sesuai ukuran.. recommended banget toko iniğŸ™ğŸ»"
azaimkamil,5,"Pesanan sdh datang
Bahannya bagus bgtz adem lembut gak tipis dan gak panas benerÂ² ori 
Keren lagi... Bakalan beli disini lagi
Terimakasih banyak
Respon ramah sekali"
m*****i,5,"bajunya sesuai ekspektasi yaa bestiee
bagus banget, ga bakal nyesel kalo beli disini, percaya dehh, ga boong aku tu, lagian pengiriman nya cepet, adminnya ramah lingkungan, ga sombong gaes yaa. mari semuanya belii disini buat ayangg yaaa bestiee. bagus dan rekomendasi begete yaaa gaes"
ronyirawan,5,"Maaf baru kasih penilaian. Kemaren pengiriman sangat cepat cuman saya gk ada d kos jdi saya suruh kurirnya simpan d kantor dan baru saya ambil skrg. Untuk kualitas tak perlu d ragukan lgi. Mantap. Kainnya tebel gk berbulu. Oke punya lah. Beli 2 sesuai pesanan.
Tinggi 165
Bb 48 (kurus sangat ) tpi ok"
riskanurhidayani,5,"Ngga tau mau komen gimana lagi. 
Sangat puas. 
Sampai di sulawesi cuman sehariii saking cepatnya dalam pengemasan dan pengiriman. 
Baru nyampe 6 baju langsung belanja lagi 3 baju.
Padahal bulan lalu jga beli  7 baju ğŸ˜­
Mulai dari Adek, sepupu, om dan doi semua suka bahannya. 
Bkn bahan baju murahan."
aliakbarrafsanjaninastution,4,"Kualitas produk sangat bagus, pengiriman barang aman, bahan nya juga tebal, tapi kalo menurut saya ukuran untuk XL panjang badan sama tangan nya kurang panjang agak beberapa Cm, minimal tambah sedikit panjang tangan sama badannya."
o*****5,1,Mohon maaf atas bintang satu nya kak. Secara keseluruhan pelayanan emang baik dri penjual udah di return juga tetapi tidak bisa mengganti produk yg dibeli di awal walopun barang habis. Semoga kedepannya jangan sampai terulang. Lancar terus rejekinya kak. Semoga Allah mengampuni dosa kakak. Aminnn
o*****f,5,"Nyaman sih flanelnya,cuma bahannya agak kasar yah ga kayak flanel biasanya,tapi sesuai lah sama harga,ya walaupun agak kecewa,cuma saya tetep kasih bintang â­â­â­â­â­"
a*****a,5,"Mantap bnget kualitas nya, pengiriman juga cepatğŸ¤© the best pokoknya"
liawulandari91,5,"Pesanan sesuai, pengiriman nya jg cpt bgt kemaren pesen skrg udh sampe, kurang nya cuma bahan nya kurang tebel menurut ku, tapi gpp suami ku oke2 aja.. makasih seller.."
viaoctaviani2810,5,"Mantap..
Bahannya tebal, jahitan rapih..
Sesuai dg pesanan.
Respon sangat cepat. ğŸ‘ğŸ‘ğŸ‘"
fivesevenyo,5,"bahan tebel, lembut, pengiriman super cepat dan rapi.. barang sampai dengan aman dan selamat.. semoga awet yaa"
alfijannah12,5,"Bajunya baguuuss, bahannya tebel, harganya murah. Mantep banget. kiw kiw"
almeerasstore,5,"Mantep.. beli waktu diskon 12.12 bahannya baguuuuussss ğŸ‘ real pict , sesuai dgn barang yg dtg."
rccyppmxe2,1,"lain warna kupesan lain warna yg datang, trus kainnya tipis kayak kain saring kopi, menyesal ku belanja disini..."
abdiikhsanuddin,5,Mantap gan barangnya bagus suka deh bajunya gak tipis saran dari saya gan jaga terus kualitas baju2nya gan susah cari toko yang bagus buat langanan order yakin next time bakal order disini lagi
deviltfnt,5,"Barang cepat sampai, bahannya bagus catoonğŸ’¯. Itu difoto pake flash sama yang engga kelihatan lebih terang. Real pict sih menurut gue. Kaget liat harga aslinya dan gue dapet murah bngt. Wahhh kalo bisa sampe bintang 10 gue kasih deh!! ğŸ‘ğŸ»ğŸ‘ğŸ»ğŸ‘ğŸ» "
,5,Makasih pengiriman cepat kurir ramah penjual juga ramah bisa buat langganan thanksssss
dianwati64,5,"Terimakasih ya.. seller paket sdh saya terima, kualitas produk sngt bagus n ori, bahannya adem, pengirimannya sngt cepat, respon penjual sngt baik. Mksh Shopee"
wi_vi12ghanessa,5,terimakasihh Best seller amanah banget.ğŸ‘ seller Jujur.â¤â¤ saya suka dngan pelayanannya. ğŸ˜meski smpet kecewa krna pesanan saya kosong:( jd say ganti dngan yg lain. tpii syukaa pengganti nya pun baguss. sukses terus bngâ¤â¤
e*****r,4,"Tampilan:Menarik
Warna:Menarik

Pengemasan dan pengiriman baik, kualitas semoga baik pula. Sayang ukurannya ternyata L besar"
l*****n,5,"Produk ori dan kwalitas mantap, bahan 100% katun. Ditambah pengiriman cpt, mantul dahhğŸ‰"
anshardm,5,"barang sudah diterima, ukuran pas, bahan bagus, pengiriman cepet jgâ€¦â€¦â€¦â€¦â€¦â€¦â€¦â€¦â€¦â€¦â€¦â€¦."
dadanhidayat25,5,"Pesanan sdh diterima, pengirimam cepat, packing rapi, kualitas dan harga..kompetitif.
Terima kasih shoope dan seller.."
jamalialghifari,5,Paketnya sudah sampai barangnya oke sangat original Pengiriman barang juga cepat terima kasih terima kasih terima kasih terima kasih
syska18,5,"Terimakasih, pengiriman cepat dan aman, admin responsif, bahan tebal dan bagus."
ceplenk_ssu,5,"Paket sudah mendarat dengan baik, pengiriman cepat.bahan tebal,  adem gk nya di pake belom di coba.. Kalo nyaman di pake next pasti order lagi"
yuvenst,5,"packing aman, pengiriman cepat , bahan cukup tebal, mantap seller"
d*****s,5,"Pengirimannya cepeettt, bungkusnya rapii. Bahannya lembutt dan lumayan tebal. Terimakasih seller"
yaelahklis,5,mantap pengemasan dan pengiriman cepat barang juga sesuai dan kuliatasnya lumayan bagus
s*****a,5,"Tampilan:bagus
Warna:cream

Sangat worth untuk harga segini. Size chart nya akurat"
didiadriatno,5,"mantaplah, tokonya juga baik merespon rekomended deh pokoknya, semoga awet dipakai pesananku dan disegi warna juga oke"
r*****a,5,"Tampilan:barangnya bagus sesuai dengan yang di poto pengirimanya jga cepat.
Warna:bagus"
nnzahra,5,"Bagus sekali
Respon baik
Pengiriman cepat
Ingin jadi langganan
Ada diskon ya kapan kapan"
n*****l,5,"Bahannya agak panas, motif sesuai gambar, pengemasan dan pengirimannya cepat"
achmidmuhtar32,5,"Trmkasih gan pesanan sdh sampai dan sdh dicoba bagus banget sih hrgnya murah tp bukan murahan, pokokknya mantaaaaaaaap,,,"
ayudian22,5,"Bahannya bagus ukurannya pas motifnya sesuai.. 
tapoi ada rasa sedikit kecewa tapi si ini di aku.. aku kira motif ini bakalan bgus bnget di aslinya tali ternyata pas dteng trus d buka kurang suka.. ya tapi gapapa lah yg di beliin juga masih mau nerima.. pngirimannya juga cepet maksih ya"
sayidilham,5,"Mantap... Barang bagus untuk harga segini worth it banget, kualitas juga bagus, next order disini lagi.. Terimakasih"
welleds83,5,"Barang sudah sampai dengan selamat sesuai dengan pesanan, pengiriman cepat warnanya agak gelap ya. Bahannya bagus"
lisyaprilia,5,Alhamdulillah sudah diterima barangnyaa..suka banget..bajunya bagus bahannya tebel..pengiriman cepet..thanks seller 
zielvahableel,5,"Alhamdulillah sudah sampai..kmrn TF hari ini nyampe..expressss
Bajunya jg bagus bngt warnanya ga nyesel order disini
Recommended seller ğŸ‘ğŸ»ğŸ‘ğŸ»ğŸ‘ğŸ»"
ahmatsolahudin,5,Kemeja nya bagus kain tebal ukuran nya juga pass di badan pokok nya recommended layak bintang 5
p*****i,2,"Beda sama yg dipesen, padahal udah mall gini loh. Bahan dan kualitas oke sih."
l*****4,5,Pengiriman cepat dan paket sudah diterima dengan aman bajunya bagus
jenniferwungkana03,5,Bahan bagus. Tebal. Dingin dipakai. Jahitan kurang rapi. Tapi baguss sesuai harga
s*****q,5,"Kemeja nya bagus banget ğŸ˜ Bahan nya oke harga pas, mantap lah"
m.rizkialfaris17,5,"Kemeja bagus datang sesuai yang saya inginkan, namun bahan kemejanya tipis, tapi tidak menutup kemungkinan saya untuk memberikan bintang 5. Dengan harga segitu wort it lah cus beliiii kemejanyaaaa. Sebenarnya mau chek out 2 kemeja eh yang satunya ukuran L nya abis :("
h*****r,5,"Alhamdulillah uda dateng. Bahannya bagus, real picture juga dan sesuai pesanan. Harganya affordable. Semoga awet dan adek suka."
y*****r,5,"Gila parah bajunya bagus banget, bahannya tebal terus rasanya adem jadi enak dipakek. POKOKNYA THE BEST LAHH. 

Packing amannğŸ‘Œ"
r*****d,5,Real picture. Bahan adem. Warna oke. Harga terjangkau 100 an. Like
desymielasr,5,"Bahan flanel nya bagus tebal,packing rapi dan pengiriman sangat cepat. "
hildasaf,5,"Motif, warna, dan ukuran sesuai pesanan dan foto produk. Bahannya alus banget, mantaplah. Ps : XLnya ngga terlalu gede."
achmdfhrz,5,"Packing rapi, pengiriman cepat. Barang mulus mantap. Recomend banget pokonya ...."
mdakaraldino1906,5,"Bahannya bagus, lembut gak berbulu pokoknya beli dsniii gk nyesel.... Puassssss pokoknya loveeeee bgtzzzz*zz"
ilhumble,5,"Bagus bahannya tebal
Cocok buat style OOTD
Recomended bgt dah"
a*****g,5,Bajunya kerenn. Pengemasannya juga cepat. Kemarin beli 1 dlu krn mau coba2 aja dan ternyata bagus jadi bakal repeat order sih.
imaawsy,5,"alhamdulilah pembelian kedua sesuai pesanan, pengemasannya cepet, tpi pengirimannya lumayan, btw kainnya bagus banget ğŸ˜˜ğŸ‘"
putrianindya033,5,Barang nya bagus ternyata agak kegedean mau pilih ukuran m takut kekecilan. Untuk pengiriman jelek banget. Ga sampai di rumah ku. Malah nyasar ke rmh orang lain. Untung orang nya baik kasih tau aku. Minta tolong ya sis kasih tau pihak pengiriman suruh lebih teliti
baiqkencanadimyati23,5,Ukuran pas ..bahan bagus top deh pokoknya ..rekomended..nanti belanja lagi
l*****_,5,"Paketannyanudah nyampe cepet bangetlah, bahannya juga lumayan mudah mudahan cukup dibadan suamii, next bakalan order lagi deh"
n*****6,5,suka bngt sama bajunya bahannyya tebel enak bngt buat di pake dingin g panas bahannya menurut ku worth it bngt si buat di beli
fajaryudan,4,"Agak kekecilan untuk ukuran orang 180 cm, tapi designnya bagus. Terimakasih seller"
,5,Bahan tebel gak nerawang bagus bgt wort it juga pengiriman cepet
o*****w,5,"Bagus bahannya lumayan tebel dan sesuai ma gambar, mantab sekali"
wanarachman,4,"Br pertama kali order dsini,planelnya bagus cm beda warna ma d foto,mngkn efek kamera kali ya tp gpp kq,swiqu suka.mksh kak,,"
sari1709,4,"Pertama kali order. Bahannya bagus dan alus, tapi jahitannya kebanyakan tambelan, dan sedikit kurang rapi"
vita_beautyskincare,5,"Bajunya bagus bgt, gak terlalu tebel, di pake tuh nyaman, lumayan lahhh dengan harga nya, tapi tetep bagus kok makasih"
sitinurmala792,5,"bagus bangett, bahannya tebel, adminnya ramah, seneng banget pokonya order disini ğŸ‘ğŸ‘"
a*****9,4,Barang so far bagus si aku sebenernya ga ngerti ini merk apaan cuma bahannya bagus dan buat kasih orang si sebenernya. Awal beli agak maju mundur takut bahan sama warna ga sesuai tapi kni bagus kokğŸ¥°ğŸ¥°ğŸ¥°ğŸ¥°ğŸ¥°
farhankucinggg,5,Kerenn kemaren pesen udah nyampe esoknya. Bahannya enak gak panas gede juga ğŸ˜‡
imaawsy,4,"tidak sesuai pesanan saya, saya minta yg ini dtgnya yg itu wkwk, tapi gpp untung yg beli mau. btw kain nya bagusğŸ‘ğŸ», lain kali diteliti lagi sebelum dikirim."
f*****n,5,"Udh milih ukuran xl tp masih kekecilan ya  kayak ukuran L, tp lumayan dr bahan, dikirim sesuai sg pesanan jg thanks"
s*****i,5,"Produknya keren. Sesuai gambar. Kainnya tebal. Recommended banget lah pokonya, udh kesekian kali beli disini. Thank you sellerğŸ‘ğŸ»"
,5,Alhamdulillah Orderan ke Dua sudah nyampek dengan slamat paking rapih banget. Sya benar benar puas blanja Di toko ini. Mau sya jadi in langga nan toko ini trimakasih shopee 
bennybangun112,5,"Real pict, cuma salah milih modelnya aja, barang memuaskan, penjual ramah."
kamsyah123456,4,Bahan tebal tapi biasanya suami ku pakai ukuran M pas tapi ini agak kekecilan harus nya aku pilih ukuran L
g*****y,5,"bagus keren gan barangnya mantap , No kaleng kaleng next belanja lagi , tapi warnanya agak beda sama yang difoto"
jabaljastip,4,"Sesuai deskripsi, semoga awet semoga tdk luntur. Untuk harga ini sesuai sih. Good, cuma aromanya kok bau aneh hehe"
fatmaa2122,4,"Alhamdulillah brg nya udah sampai,,sesuai dgn pesanan,,next order lagiğŸ˜€makasih seller,,makasih shopeeğŸ™"
l*****_,5,"Sudah langganan beli disini, biasanya selalu memuaskan tak pernah mengecewakan tapi enggak tau kenapa untuk paket yang ini agak sedikit kecewa, karena ada bagian baju yg lubang diataas lengan, jahitan juga kurang rapi.
Tak apalah tak bawa ketulang jahit biar bisa dirapikan lagi."
a*****h,5,"Kualitas bahan kain baju sangat halus,adem&ga panas, ukuran baju sesuai dgn badan&lengan. Sy Sangat puas belanja di toko ini."
rikkifirnanda01,5,"Barang original, ternyata kain nya halus ku kira agak kaku ğŸ˜…"
doniitata99,4,"Beda bos sama yang digambar, model DF7 itukan gambar cerah banget ehh yang dateng rada ketuan warnanya. Kualitas bahan juga kurang tebel menurutku karna aku juga kemaren beli disebelah kualitas bahan lebih mantul seperti merk brill eght eghty"
m*****1,5,"Ini udah yang kedua kalinya pesan disini
Dan gak mengecewakan
Bahanya bagus
Sukkkkaaaaaaaa bbbbaaaaaaannnngggheeeett"
u.budiman07,5,"Pesanan sudah smpi & sesuai harapan, kemejanya Bagus bgt, suka bgt sya, bknnya jg Bagus.."
ronaldfauzansyah,5,"Keren kak
Kain bagus adem halus lumayan tebel ngga kalah jauh sama brand lain yang pernah aku beli
Walau motif dan warna ngga yang aku pilih.

Tp admin respon sangat bagus dan amanah kasih kabar dulu kalo yang aku minta kosong.

Oke bgt aku kasih bintang 5"
,5,Alhamdulillah Orderan ke 3 sudah sampai. Orderan pertama 1 kemeja. Orderan ke 2 tempo hari lansung order 2 kemeja. Sudah 3 Kali order kemeja Di toko ini smua nya pas sma badan sya. Pokok nya mantappp 
j*****7,5,"flannel nya udh dateng nih
suka bgt sama flannel nya thankyou yaa"
dneeatwentyokta,5,Barang ny sudah sampai.. Sesuai dengan yang diharapkan... Terima kasih
arsyilamode_olshop,5,Alhamdulillah pesananya sudah mendapat dan produknya Real pic
rahmaichak,5,Cakepppppp dehhhhhhhh bahannyaaa jg bagussssssssssssssss
s*****d,5,"produk bagus, sesuai gambar, harga worthit dg produk, bahan tebal dan bagus

produk bagus, sesuai gambar, harga worthit dg produk, bahan tebal dan bagus

produk bagus, sesuai gambar, harga worthit dg produk, bahan tebal dan bagus"
avrishop22,5,"pengiriman sangat cepat, pengiriman sangat cepat, pengiriman sangat cepat, pengiriman sangat cepat, produk baik, produk baik, produk baik, sesuai pesanan, sesuai pesanan, sesuai pesanan, sesuai pesanan,"
c*****5,5,"sumpah iniii tokooo gercepp bangettt, mesen kemeja kemarennn langsungg dikirimmm juga hariii ituuuuu!!! bahannya juga tebelll pokoknyaa tidak mengecewakan!!!! cusss gaisss beliiii disiniiii di jamin bagusss!!"
,5,"Kualitas sangat baik, produk original, harga mantul,  pengiriman mantul,  recommended seller banget
Langganan gan"
rendraramdani,5,Pesanan sesuai. Real pict. Kualitas Premium. Pengiriman nya cepat. Packingnya cepat. Konsumen saya puas dengan baju nya. 
riskaarami,5,"makasi gan barang sampai dengan aman, dan kurir ramah. dan barang sesuai dengan yang ada di picture dan respon penjual sangat cepat. terimakasih."
4*****7,5,Bagus udah 2x beli hasilnya bagus dan tidak mengecewakan.. pengemasan rapi dan produk aman sampai tujuan
d*****6,5,"Barang bagus, alhamdulillah pas buat anak smp kls1. Kecepatan pengiriman baek, respon penjual baek.pokoknya jangan ragu order ditoko know. Good job ğŸ‘ğŸ‘ğŸ‘ğŸ‘ğŸ‘"
iskasing_ha1621,4,"pengiriman bagus

pengemasan bagus

bahan baju bagus
tpi perlu hati hati dalam pemilihan warna ya
bisa jdi krn efek camera


overall bagus
"
zulainifiidn,5,Sesuai dengan gambar. Pengemasan hingga pengiriman barang cepat. Bahan yg digunakan juga adem dan menyerap keringat. Jahitannya rapi. Terima kasih
a*****n,5,"pembelian ke sekian kali di toko ini
dan selalu puas dengan pelayanan dan kualitas produknya
pertahankan Gan ğŸ‘ğŸ‘ğŸ‘"
soniaima,5,Paket aman pengemasan aman rapih bagus barang juga bagus keren banget bagus recomended terimakasih banyak
asepnurjaman96,3,"Cukuplah  untk harga segini
Estimasi pengiriman topmarkotop
Saran aja diskusi chat di perbaiki lagii"
elisa_kanaya23,5,"Realfict bosque,,next order lagi,,pengemasan cepet,,pengiriman juga cepet banget thanks yaa,,semoga sukses selalu"
esterkana76,5,Bajunya bagus..bahan adem best quality..kurirnya ramah krn udah langganan..next order lagi..mksh
wantyyugistiana,5,"Bajunya bagus banget, ukurannya pas buat adekku, motifnya juga ngak lebai"
riyan.shop,5,"Pesanannya udh nyampe kak. Kualitas produk sangat bagus. Tebal dan tidak murahan. Harga terjangkau. Warna sesuai pesanan. Terimakasih kak. 
Recomended pokoknya. "
muhammadfaizfadhilah14052003,5,"1. Plastiknya susah dibuka yg pastinya aman
2. Pengiriman gak pake lama
3.Bahannya dan warna sesuai yg diharapkan"
s*****2,5,"Kualitas terjamin....
Produk original, bahan tebaaal dan lembuut....
Rekomended pokonyaaa, next order lagiiiğŸ‘ŒğŸ‘Œ
Maaf baru kasih ulasaanğŸ˜ğŸ™


"
linadede87,5,"Pokonya mantap..sesuai pesenan...bahan oke
Pengiriman jg cepet
Next order lagi
Makasi yaaahğŸ¤—"
mw10092001,4,Banyak benang benang yg blm di gunting tapi ok lah untuk harga segitu
i*****3,5,"Paket sudah sampai, kemeja nya bagus cuma bnyak sisaÂ² benang yg tertinggal dibaju nya, pembelian kedua Alhamdulillah suami suka. Thanks"
alfred58,5,"Paket sudah tiba dengan rapi dan sedikit agak lama, bahan bagus"
r*****4,2,Sudah bagus sih kualitas barangnya semuanya oke. Cuman kok lain ya yg di post Mike pm yg dteng brand lain mungkin agak di koreksi lgi klo bkin caption nya sesuai sama barang
d*****i,5,"Terima kasih barang sudah sampai dengan baik, bahan kemeja nya bagus lembut enak di pakainya.. "
m*****8,4,"Barangya bagus, respon penjual juga bagus tapi sayangnya ukuran L nya kecil ternyata"
kdk078,5,Suka suka sukaaaaâ€¦ barang sesuai pesanan dan pengirman cepat. Terimakasih Kak
p*****4,2,"Tampilan:baguss
Warna:tidak realpic

Sebenernya di feednya warna kemejanya coklat tua gitu, ternyata ijoğŸ˜Œ"
ekapj,5,Bagus bahan tebel pelanggan ku suka
yopisartian21,5,Dengan ini diterima paket berupa 1 pc kemeja panjang ukuran M dalam keadaan baik dan pas dipakai. Namun pengiriman agak lama. Situasi aman terkendali. Lancar selalu usahanya.
gerryalaneee,5,"Nyampe nya agak kusut... Tapibwajarlah....
Barang nya bagus ini, bkn yg model berbulu....
Untuk harga segitu... Kualitas aku anggap OKE bnget"
i*****3,5,"Baju nya bagus bahan nya juga adem pengiriman cepat, Alhamdulillah suami suka..
Insya allah next order lagi"
novanramadhan26,5,"Barang sangat bagus, pengiriman cepat, sesuai pesanan. Sangat direkomendasikan kalau mau blaja barang di tokoh iniğŸ‘"
erkonurcahyo,5,"Bahan tebal & jahitan nya jg kuat ğŸ‘, yg pasti nyaman di pakai ğŸ˜Š"
muhaeminahmad,5,"Barang sudah nyampe,,, kualitas ok. Bahan nya jg adem. Pokok nya ok."
wildanhusna,5,"Produk mantap, tp bau tak seperti baru, apek. Pengiriman lumayan cepat"
anisabintimaryadi,1,"Sangat2 kecewa, dgn harga segini harusnya dapet yg kualitas baik, eh malah dikirim y kemeja bahan dah kayak jaring ikan sangat kasar dan nerawang , ga recomendğŸ˜›ğŸ˜›"
rahmat354,5,"Bahan oke,ukuran pas enak di pke tp sedikit beda jenis kain dr derkripsi produk,so far ok "
nurdinbaek,5,"Belanja puas harga pas, tapi beda merk dengan yang ada di gambar"
raketsecond_puri,4,"Bahannya bagus, tapi utk dibagian lengannya terlalu slim. Jadi ketat bgt"
shagha_shop,5,Bagus.... Tapi ternyata brand a bukan Mike pm..... Sebelumnya beli size M brand Mike pm lengan a bisa pas.... Ini malah perut a pas sayang lengan a agak sempit.....
agusgunawan530,2,Alhamdulillah barang sudah sampe sesuai sama yang di gambar top markotop
kalam80,4,"Barang nya sesuai, tapi di foto nya ada baju daleman gitu, eh pas sampai baju daleman nya ga ada, tapi ya gapapa lah suka sama kemeja nya bahannya lembut, tebal, adem, dan ga kaku. Thanks admin"
novianoermarifka,5,"Bagus.  Tp sepertinya bahan utk model yg terbaru lebih baik dari ini, tp ini tetap nyaman dipakai krn bagian dalam jg halus ğŸ˜ŠğŸ˜Š"
susilaa21,5,bagusssssss cuma agak kegeedan aja ternyataaaa bahan bagian dalem halussss bagian luarkasarr tapiii kerennn murah gak murahaaaaan toppp dehhhhh
imamsantoso23,5,Tks kak barang sdh smpi.bagus deh saya suka bahannya.luar biasa smg tmb sukses ka.ğŸ‘ğŸ‘ğŸ‘
putriiiiipermata,4,"Bahannya bagus lembut tp sayang size yg saya mau kosong, Lalu dichat seller motif & size kosong. Sepakat dng motif baru via chat. Eh yg datang malah motif pertama yg diblg kosong ğŸ˜…. Keseluruhannya baik bangeeet. Thanks."
n*****r,3,"Warna:warna kurang akurat

Warna baju berbeda lumayan jauh dari aslinya. Di foto harusnya dominan warna merah, tapi yang datang lebih ke warna hijau. Yaudahlah daripada ribet urusin retur mending kasi bintang aja"
arifsonanda,3,"pesanan sampai tidak terlalu lama, bahan sedikit berbulu dan ada bintik2 warna yg tidak rapi"
muhzulhamdi,5,Barang mantap tapi utk ukurannya ngepas kyk L padahal udh ambil ukuran xl
l*****0,5,"bahannya bagus, sesuai dengan harga. makasih min, next order lagi"
ariwibowo2296,5,"Mantaapppp Baguss Flanel nyaa, bahan nya juga tebel, Next bakal order disini lagii"
ghanianggat,5,Bahan ny bagus tapi warna ny beda sama di gambar gpp bagus rekomended
,5,"Barang nya udah sampe cepet sih lumayan, barangnya bagus ko adem"
ozy96,1,"Agak kecewa setelah meminta perubahan motif gk bisa pdhal barang blm dipacking, saya gk permasalahkan itu,tp kenapa ada beberapa salur benang yg rusak ,dan bagian sudut bnyak benang yg masih terurai,,,saya sudah bilang dicek dlu sebelum dikirim,, semoga kedepannya lagi pelayanannya bisa maksimal "
wandatr,5,"Barang cepat sampai, pas di aku, tidak ada cacat, menurut aku kainnya termasuk flannel yg tipis, tapi gapapa jadi gk gerah. Nice "
nikadekayuindiana,3,"Bahannya bagus, tp warnanya agak pudar gak seperti yg di gambar"
_aghniw17,5,"bagus sesuai harga, pengiriman dan pengemasan cukup cepatğŸ‘ğŸ»"
,5,"Alhamdullilah, paket nya udah sampai. Terima kasih banyak seller.."
a*****h,5,"Kecepatan pengiriman baik, harga produk baik, produk original"
ramawibawa1999,5,"Barang sudah sampai. kulitas produk lumayan, sesuai dengan harga.
"
ikaagustin58,5,"Bajunya Bagus, nyaman, sipp, realpich,gk nyesel, mksh ms kurirnya."
muhammadikrammullah,5,"Bagus 
Ukuran juga gak salah
Gak terlalu pas dan gak terlalu kecil juga"
c*****5,5,Kualitas bagus Belum dicoba jangka panjang semoga aja awet
adheirawannakthereddevil,5,Sumpah ini bagus banget...keren buat outer ini mah realpick bangett next beli lgi lah
ayshaucahidayatulfitri,5,"Kalo ada bintang 10, aku kasih dah.. mantul bgt..
Bahan nya tebal bangeeeetttt..
Makasiih
Gffjjdghhhfgbbgggffhhvggccjhgvnbc
Hgghhvgjjjgfdgjfft"
m*****5,5,Terimakasih banyak barang sudah sampai dengam baik dan lumayan cepat
zenkilpinturicchio,5,"Tampilan:warnanya lebih gelap di banding di foto mungkin krna efek cahaya

Lebih gelap dari yang di gambar"
azmiftjnnh_,5,Mantapppp... rekomendasi banget nihhh... cepet lagi pengirimannyaa.. makasih banyak yaaaaaaaa.......
prayudhaa7x,5,"Mantap, pengiriman cepet & tepat waktu. 
Bahannya bagusss. Recommended"
r*****9,4,Kirain XLnya lumayan besar ternyata masih sedikit agak kecil saya pakai. Tp untungnya masih muat
nawankosi,5,"Bagus banget bajunyaa, next orde lagi dah pokoknya the bestt"
babynkidsshop31_,4,"Bagus bahannya lembut oversize juga lumayan, makasihh min"
zahraagnia__,5,"bahannya bagus banget, adem pisannnn, makasih banyak kakaaaa"
cialakondong,5,"Mantap barang sesuai pesanan
josssssssssssssssssssssssssssssss"
cimungcuy_,5,"Jujur gur kasih bintang 5 karena pengen dapet koin 25.
Karena menurut gue, produknya sangat tidak rekomen banget."
tssniarus,5,"Bahannya tebel ya, bagus banget. Pas dateng kirain kekecilan ternyata cukup buat suamiku malah agak oversize. Sumpah ini bagus banget sih"
rizkivalensi,5,Alhamdulillah suami suka sama bajunya semoga ada motif baru lagi ğŸ˜
apriliyareni29,4,"Maaf bintang 4, jahitan kurang rapiğŸ™ semoga kedepannya lbh baik lagiğŸ˜‡"
16donastiya,5,"Kalau liat gambar yang dipilih garisnye mrah tapi yang sampai garis biru, malahan lebih bagus yang garis baru pas udah sampai sini ,suka deh pokoknya , trimaksihğŸ‘ğŸ‘"
l*****0,5,"kudua kalinya beli disini, makasih kak. cocok sama bahannya."
wiwinaylajeo,5,"Terimakasih barang sudah datang, bahan tebal.dan oke"
agent.rabbit,5,"Seller responsif. Barang yg dikirim sesuai. Pengirimannya cpt banget. Bahan ok, tp ini bukan yg model flanel agak buluÂ² gitu jd agak kaku. Size M nya ok lah. Harga jg bersahabat. Overall nyaman kok dipake"
arifin_hidayat22,5,"Pengiriman cepat,respon penjual baik, harga terjangkau, kualitas barang baik, mudah mudahan puas terimakasih ya"
,5,"Joss gandoss pengirimann cepat pengemasan cepatt responn jugaa baik meskipun order nya cod, kemejanya jugaa okee sesuaii gambarr mantulll pokok eeğŸ‘ğŸ‘ğŸ‘ğŸ‘ğŸ˜ğŸ˜"
wakhidatulfajriyah,5,Bajunya bagus sesuai ekspektasi..harga ramah moga tdlidak cepet bluwus...penjual amanah pengiriman cepat....
sekaistore.id,4,Beda brand tapi kualitas Ok
agemanbatik29,5,"Belum dibuka sih, tapi pengiriman oke dan harga terjangkau. Semoga sesuai ekspektasi. "
asfiatulistianah,5,"Kualitas produk baik, produk original, harga produk sangat baik. Bahan lembut"
zidanedeva,4,"Kemeja ny bgs, kemasan ny jg rapi kurir ny jg ramah...minus ny cm brand ny aj yg beda, brand yg sy trima bkn brand mikepm"
e*****3,5,"Tampilan:bahan tebal adem
Warna:navy

Kualitas bahan tebel adem , suami ku suka nyaman dipakenya . Pengiriman cepat dikirim sesuai etalase...."
m*****3,5,"Suka suka banget sama flanelnya ğŸ˜ğŸ˜ğŸ˜ğŸ˜ğŸ‘ğŸ», rekomendasi nih olshopnya. Responnya juga oke 
Makasih gan. Next order lagi"
e*****h,5,"Aku beli yg ini, bajunye tebal, bagus, pengemasan cepat, redpon seller cepat dan amanah"
puspitadwanti,5,"Pengiriman cepet.. Barang bagus 
Respon baik"
h*****i,5,"packing & pelayanan nya bagus, bahan nya bagus, next pasti order di sini lagi. thx you"
img_store,5,"Melebihi ekspektasi, warna keren, ukuran pas banget, puas banget pokoknya sama barangnya, sukses terus gan"
ekoayu1,4,Trimakasih.. Respon penjual cpt. Pengiriman cpt bgt. Barang bagus. Tp Agak tipis. Dr sebelumnya ... 
mhmd_saefulloh,5,"Pengiriman lumayan cepat dan produk sampai dengan selamat, kualitas produk juga lumayan jossssss"
m*****h,5,Produk sampai dengan selamat dan pengiriman juga sangat cepat. Kualitas produk jossssss
agganggitarahmawati,5,"Paket sampai dengan cepat, bahan bagus, terbungkus rapi, nice , pertahankan "
amirajjah,5,"Mantap barangnya
Pengiriman cepat bgt
Top dahc
Respon penjual baik"
ahmadsahrul10,5,Admin nya ramahğŸ˜ğŸ˜ğŸ˜kualitasnya pun bagus ğŸ˜ğŸ˜ğŸ˜ğŸ˜saya suka saya suka betul betul betulğŸ˜ğŸ˜ğŸ˜
eva25sihite,5,"Maaf foto gk sesuai. Bajunya bagus, ukuran besar,  bahan agak berbulu, gk ngisap, tebal, harga murah."
avansetiawan09,5,Makasih sudah sampai kualitasnya mantepp
,5,Pesanan orderan sudah sya terima. Cepat banget pengiriman nya sya puas blanja Di toko ini. terima kasih shopee
reza.bge,5,"Packing nya mantap , baru kali ini order bahan nya mantep next order pasti"
l*****_,5,"Alhamdulillah paketan sudah datang sesuai pesanan sesuai permintaaan, barangnya oke pas dibadan cocok pokoknya.
Lain kali beli lagi disini.
Sukses dan sehat selalu ."
amaliayunita1006,3,Barang baguss tapi yang dateng df3ğŸ˜‘ lain kalii harus lebih teliti kağŸ˜˜pengirimanya cepet bgt siâ¤
taufikpramudja,5,Bahan sejuk tdk gerah. Motif dan warna sesuai.
a*****r,5,"bagus banget sih toko ini, ketika ada kendala motif yang saya inginkan kosong langsung dikontak via wa, dikasih tau motif apa aja yang ready, sebelum ada konfirmasi dari pembeli, gak akan dikirim, gak asal kirim... keren kakkk, pertahankanğŸ˜†ğŸ˜†ğŸ˜†"
awjuniarto,5,"Udah excited sama kemeja nya, dari desain sama bahan nya udah bagus, tapi tolong quality control nya ditingkatkan lagi karena masih ada sisa2 benang kelebihan jahitan di kemeja nya"
arbainl,3,Maaf kasih bintang tiga karna banyak alasan pertama sama minta tipe 1903 tapi di kasih tipe 1901 paking terlalu lama tapi kualitas sandal oke sesuai harga
riska_ameliaaaa,5,"Mantapppppp bagus bgt 
Nyesel cuman beli satuğŸ˜Œ
Bahan tebel 
Ok
Ukuran dan warna sesuai pesanan 
Rekomend banget deh toko nya ğŸ˜ğŸ¥°"
firmanfaturrahman16,5,Kemejanya sudah saya terima dengan baik. Ukuran pas. Warna mungkin agak sedikit berbeda dengan yang ditampilkan tapi gapapa. Bahan juga nyaman. Terima kasih. 
fernandita,5,"Kain halus, tebal, dan motifnya juga bagus. Dipake juga nyaman deh. Pacar saya jd keliatan ganteng maksimal wkwkwk. Thank you seller!"
meydizi23,5,"Min, makasih yaaa orderannya ğŸ‘ğŸ»ğŸ˜Š.
Bagus dan halus bahannya, good Quality dah ini.
Next order lagi dah. Semoga tmn suka neh
"
robi29ilham,5,"Barang sesuai pesenan , admnya first responn brg cpt banget datangnya rekomendeah kalo beli kemeja disini ga nyesell parahhhh ğŸ˜"
guse8693,5,"Sudah 2 kali saya belanja di toko ini selalu puas,respon cepat barang yg dikirim sesuai,sukses terus buat toko ini"
riosusantto,5,"Barang nya sangat bagus murah lagi dan packaging nya rapih,sukses terus buat resseller thank you so much........"
fatmaaaa2901,5,"Mantaappppp cekout jam 4 jam 6 lgsung dikirim, besoknya lgsung nyape flanel bahanya lembut harga terjangkau...... "
idabaguswidyawangsaja,5,"Mantap kemejanya, bahannya bagus nggak kasar, nggak terlalu tebal, ukurannya pas, next time order lagi"
akaieria,5,"Udh yg kesekian kali beli disini, selalu puas, barang oke, pengiriman oke bgt. Langganan pokoknya ğŸ˜€"
julianzhul,5,"Pengirimane cepet bingit 2 hari.. Bagus euy kemejane pas dipake. 
 Chad buxom GarboyGarth brill jello"
nurvita28,5,Pengiriman cepat..barang real pict bahan bagus suka banget pasti jadi langganan beli disini.. 
adepratama_02,5,Bahan nya tebal kualitas nya terbaik mantap deh...di jamin ga nyesel beli di siniğŸ˜ğŸ˜ğŸ˜
b*****a,5,"Mantab bahan nya,  pengiriman super cepet. Kmren sore check out besok ny barang langsung sampe."
fikri_alpian,5,"Alhamdulillah barangnya sudah sampai, pengiriman nya cepat banget, barangnya lumayan bagus, terimakasih"
lolooooo,5,"Barangnya lumayan, tp ga bagus banget, tp ya lumayannn lahhh harganya"
hari_wid,5,"Bahan tebal tapi adem dipakai, ukuran sesuai dan pengirimannya bagus"
shimaitirisa,5,Bagus bnget.. pengiriman juga cepet.. order kemaren hari ini nyampe..ğŸ¥³ğŸ¥³ğŸ¥³
murdaniolshopmfi,5,"Kualitas juga baik, dan pas di badan. Cocok untuk body Indonesia"
lilitagtg1515,4,"Kualitas barang ok, tapi pengiriman sedikit lambat, overall good product ğŸ˜‰ğŸ‘"
epulzkuleuheu,4,Ok bgt kemeja nya. Semoga awet
akhmadandiansyahnaufaladani,5,"Kerenn bgtt ini sumpaa, bahan nya mayan tebel, dan yg jelas warnaaa nya kerennn bgtğŸ˜­"
anggasptra0990,5,Yahhh sekitar 4/5 mayan buat harga segitu.
primadyta04,2,"Tampilan:okelah
Warna:tidak realpic

Sebaiknya tanya dulu ke reseller nya warna realpic nya apa, biar ga ketipu"
theaquadips,5,Bahan berbeda dari pesanan sebelumnya kirain sama dan jahitan kurang rapih tapi ok lah gapapaintinya gua ngasih nilai demi koin Shopee 50 perak
m*****3,5,"Pingiriman 2 hari, kalo soal produk gilaa sihhğŸ”¥"
6l_yqwg3pzl10mihch_edr3l4vfb,5,Kerenn bajunya makasih ya next order lagi
hamdan_rachmatullah,4,"Overall oke, kancingnya agak brudul"
nitaantek2004,2,Bahn bags kuwlits bags cumn kalu mengirim thhhh kirm lh barng ng bagus jahitn yg rapi bbiar kmi para pelnggan puas ini mh kaga kana hnya ngeliat poto jadi gk bisa mih asal asal aja di kirm nya jadi keecwaaaaaaaa bangttttttttt.
debora_tambunan,5,"Biasanya baju suami merek lain ukuran L udah cocok banget, ini agak sempit sedikit, tapi bahan nya bagus banget cucok meong. Lain kali coba ganti jadi ukuran XL deh kali aja ngepas."
mayadahayu,2,"kainnya panaaasss
jahitan bagian kerah juga aneh.
size M LD nya kurang dr 100cm.
Pjng Baju kurang dr 70cm.
sizenya tdk sama dng yg di keterangan."
iyay_iwan93,4,Agak kecewaa..warnanya gk SMA SMA yg di Poto..trs jga bahan bajunya beda dua duanya SMA yg pertama mesen...bagus yg pertama bahnya beda bged..cuman gpp lah
bro_irfann,1,"Warna kemeja pudar banget beda jauh sm digambar. Merk beda, bukan merk Mikepm tp merk ninety-eight. Pas dipakai jg bahannya gak nyaman. Hmm ğŸ˜"
andini_saputra,5,"Bajunya bagus
Bismillah semoga suami suka krn buat kado
Tp tulisan di label bahan'a katun tp pas di pegang kok rada panas ya"
aliyuddinvidhin,4,Flannelnya keren.. tapi sayang untuk stok kurang di update.. jd yg tdnya pilihan awal berhubung udah abis jd terpaksa pilih yg lain..
agusbastian381,4,"Barang udh diterima dengan aman, belum diliat sih sesuai apa gak dgn pesanan
Tapi aku yakin aja pasti sesuai dan bagus
Terimakasih"
hijausawit,3,Kainnya tebal tapi kenapa gatal dipakai seperti ada yg nusuk nusuk kayak habis kena pohon bambu gak nyaman banget di pakainya.
oktarisa168,3,"Barangnya bagus, tapi sayang ukuran l nya kecil, yang satunya lebih kecil lagi padahal udah ukuran l nyesel pesan 2"
n*****n,1,"bahannya lumayan, tapi ukurannya yang kekecilan. padahal di size chartnya XL 54x74, tapi pas diukur lagi malah beda size"
k*****l,3,"Barang sesuai harga tapi berfungsi normal mudah mudahan awet, pas di kirim abangnya kurang memperhatikan catatan "
veiyra,3,"Sering beli disini, tpi kali ini kecewa banget. Banyak jaitan yg gak rapi dan benang yg awut2an."
endangenmark,5,"Terima kasih shopee, seller,kemeja ya bagus"
okaaprilianto,5,rekomen sekali.. ukuran XL yg pas di badan saya dengan tinggi 180.. bahan halus enak banget
gilangpangestu97,3,"Maaf saya kasih bintang 3, karena ada kesalahan pengiriman saya pesen  ukuran m yg dikirim malah xl "
saputrogiggs,5,"Terimakasih kemeja sudah datang, sangat pas dipakai fit & sesuai. thx buat seller sukses selalu "
yolannputra,5,"Barang bagus mantap pokok nya disini rekomendasi tempat cari flannel, kapan kapan bisa beli lagi"
,5,"Sesuai lah meski,cuma pengiriman dari jnt nya lambat sangat.kalo untuk produknya di jamin gak bakalan nyesel"
machito83,5,"Bahan bagus....tpi kok warna agak beda say, sama gambarnya....,kamera nya terlalu keterangan mungkin yak "
,3,"3 aja lah..  yang di pesan beda sama yang di kirim..
soal bahan sih ok.. bagus..."
r*****a,5,"Baju nya bagusssss...bahan adem enak di pakai,pas di badan suami q..terima kasiihhhh seller.."
cahyallahars24,5,"Produk bagus, tinggi 175 bb 60 cocok pake ukuran M buat yang suka ngepas badan"
nanangazari,4,Ikutaan xlnya ngpas banget Ama badan saya ukuraan xlnya bisa dilebihin besar lagi maksih
robiahcantik125,4,"bagus, warna sesuai picture, tpi bahannya beda sm flanel lainny, ga suka sma bahanny aj"
g*****a,4,Untuk bahan bagus untuk ukuran xl agak kecil di aku maaf but oke la
d*****a,3,"Tampilan:Sorry to say, jahitan kurang rapih bagian bahan nya ga kuat ada yang berlubang."
racheldesiliana,3,"Bahannya tebel tapi panas bgt, baru dicoba blm smp 10mnt udah keringetan bgt-_-"
khisan_,4,"produk pas slimfit, tapi ukuran m untuk pria tb 170 panjang lengan terlalu pendek"
fadhilllllllllll123,3,"Bahan bagus tapi warna jauh melenceng dengan foto, dari merah berubah jadi ungu"
a*****5,5,"Kain bagus, uuran sesuai, ini saya beli untuk yg ke dua kalinya"
memskystore,3,"Motif yg datang beda dengan yg dipesan
Tp gpp sih barangnya oke
"
sitisopuro22,5,Bahan nya bagus bngt ademmm sip ini sih bakal jadi favorite bngt
b*****y,5,"Barang sesui foto. Dan bahan bagus...
Sedikit kurang gede...terimaksih shope dan selernya..."
fikri.atthoriq,5,"Warna merah lebih cerah kalo di gambar, aslinya tidak secerah itu"
wahyuddinhah,3,"Bahan bagus, cuman ada beberapa yang ga rapi, benang benang keluar."
timothy_hutagaol,3,barang yg sampai kurang sesuai dengan gambar dan bahan nya kurang rapih
dkorre01,4,"Ini bahannya agak panas, warna jugaa gak secara di foto produk"
rinaaaaa27,5,"Bahan nya lembut halus gituu, sampai nya juga cepat, terimakasiiii â¤ï¸ğŸ™"
wismaldinlaia,5,"Kayaknya beda merek sih, tpi nggak apa""lah yg penting bahannya ok"
alwijroh,2,"Barang tidak sesuai gambar, yang di pesan apa sampai nya apa"
fitranalrazy,5,bahannya bagus tp sayang garisnya ijo bukan putih padahal difoto putih
rizkawindy,5,"Ga sempet foto bajunya tapi bener2 bagus bajunya, bahannya juga lembut"
nazafarinalmeera,4,Bahan bagus sangat puas dengan bajunya sesuai lah dengan harga segitu
rizall_kurniawan3,3,"Barang bagus, tapi salah ukuran kurang teliti yang packing nya"
hafizal_29,4,"Aku suka sama bajunya, bajunya bagus bangettt maksi Mike PM"
gustiamri,4,Yg satu bahan premium yg satu kok kualitas murah aneh
madrimgayoh,5,Bagus kain tebel ukuran dan warna sesuai gambar. Mksh sopie
evijamilah,5,"Pesanan sudah di terima, bagus suka sama bajunya"
andhika.20,5,Lebih ke warna maroon
l*****l,5,Terima kasih ............................ Fast Response .......kualitas ok ...........sesuai harga.......
d*****7,5,"Bahan halus dan tebal, good quality.. fast respon,  Recommended"
tyelillah,5,Bahan bagus dan amanah
d*****9,5,Kualitas produk sangat baik bahannya lainnya adem halus juga
kngarden,5,"Barang bagus. Cepat sampai. Kurir ramahh.  Trmakasih d
Goooddd"
r*****a,5,Bahan bagus dan nyaman dipakai.. tidak ada keluhan..
r*****8,5,"Pesanan sudah di terima,,
Kualitas produk original,,keren"
reraendra,5,Sangat istimewa Jos gandos ndak rewel pengiriman top markotop ğŸ‘ğŸ‘ğŸ‘ğŸ‘ğŸ‘ğŸ˜ğŸ˜ğŸ˜
mangaso,5,"Cepet banget dah, baru juga sore order pagi sudah nyampe di tangan nih kemeja

Top top markotop lah pokoknya ğŸ‘ğŸ¼ğŸ‘ğŸ¼"
rizalakmal,5,"Bagussss bangettt
Sesuai harapan
Bahannya nyaman 
Mantappp"
syaifulanwar1453,1,"Saya kan sudah kasih keterangan bahwa pesan 3 baju dengan jenis yg berbeda ada df 6,df15,df16 yg datang kenapa satu warna bajunya tiga tiganya lagi, ampun"
n*****1,2,"Pesan nya apa dateng nya apa hehe, parah sih tp gpp. Karna keburu lebaran ya di pake seadanya aja drpd enggak pakai baju. Makasih"
wnmubarak24,5,"Produk sangat baik dan memuaskan, next bakal order lagi ğŸ™ğŸ»"
la.nella,3,Saya kasih bintang 3 trnyata yg dtg sudah beda merk
erlinlutvia,5,"Overall bagus, cuma realnya agak beda warna karna pencahayaan. Semoga foto selalu diupayakan semirip mungkin, atur pencahayaan yg sesuai"
,5,"Biasa aja, tidak worth it untuk harga segitu wkwk.
Tapi gapapa, aku tetap happy kiyowo."
a*****3,1,"MINTA L DIKIRIM XL !! GILA KALI YA, LU KIRA GAMPANG CARI DUIT !!"
ishtar332,5,"Barang mantap, belum nerima ditangan, klo sudah bakal uplod foto nya sipp lahh ğŸ˜ğŸ˜ğŸ˜"
,5,"Bahan nya tebal,,,adem, sesuai gambar puas belanja disini next order disini lagi"
m*****_,3,"pesan warna coklat yg dtng malah hitam :""
kedepannya lebih teliti."
s*****d,5,Terimakasih barangnya sudah diterima semoga semakin sukses jazakallah ğŸ™
muntafiah.,5,Bahan bagus tapi mungkin warna nya aja kurang terang
l*****_,2,"Kotor, kaya bukan kain flannel. Lebih ke kemeja biasa"
p*****y,5,"Makasih udah sampai. Order malam, siang hari sudah sampai. Padahal lagi 9.9 ğŸ˜ƒğŸ˜ƒ semoga yg pakai suka hehe"
muhammadikrammullah,5,"Produk sesuai best lah bakalan langganan ni 
Boleh lah order di sini gak mengecewakan"
monoz75,5,"Produk keren, terimakasih seller, kurir dan lazada ğŸ‘"
e*****0,5,Bagus lembut tapi agak tipisan ya kirain flaner beneran hehe tapi lumayanlah ya
s*****6,5,"Karena pesanan orang jadi ga brani buka
Okey
Semoga si baguas"
s*****a,5,"Emang benner2 bagus bangttt siii sumpah ini mahhh, ngga nyeselll. Rekomen deh pokonyağŸ˜­ğŸ˜­ğŸ˜­ğŸ˜­"
n*****4,5,"Sudah sampai di sini, Alhamdulillah sampai mantap pokoknya, "
p*****a,5,"kualitas produk baik, pengiriman cepatttttt"
astri.larasati91,5,"Belum di buka paket ny,  tapi  dr pengiriman cepat,  respon chat juga  cepat, pertahankan ya..  Saran,  koleksi nya di tambah plus kemeja anak anak juga. Terima kasih "
yuhan_yuhanit,5,"pengirman cepatttttt harganya juga okeeee terimakasi seller sukaaaaaaaaaaaaak
"
,5,"Bahannya enak Alus, pengirimannya jg cepet ğŸ¤—"
aristna354,4,Pengirimannya cepat mantab barang oke 
iqbal87,5,"bahan lembutt, sesuai pict
packing rapi"
celebest_store,4,"Kualitas Premium, Terimakasih Sudah amanah... Harga tidak membohongi kualitas "
joyusbinacep,5,Kualitas produk baik........ Produk original....... Harga produk baik.    .........
r*****2,5,"Bahan enak, ukuran pas, model bagus banget,suami juga sukaa"
abdullahkamil081936777661,5,barang sesuai harga...cocok..respon penjual sangat baik..pengiriman sangat cepat
2x9f9nwdp5,5,"Pengiriman cepat, barang sesuai pesanan, bahan bagus berkualitasâ­Admninnya RamahğŸ—¿ğŸ‘"
anesss123,4,"kualitas dan packaging oke, tapi size kecil untuk XL"
anangfaturahman814,5,"Jangan ragu beli disini, kualitas mantep penjual ramah"
nurulachmad10,5,"Tampilan:bagus
Warna:bagus

Lembut bahan nya...cakep pokoknya"
c*****t,5,"Produk baik,bahan tebal,pengiriman juga cepat"
siskacollection99,4,"Packing bagus,, kemeja jg bagus"
budianugrh,5,bahan bagus tebel lembut juga bahan nya tenks
ris0802,5,Puas deh pokoknya pelayanan ditoko ini
6l_yqwg3pzl10mihch_edr3l4vfb,5,"Kerenn baju nya next mau order lagi,asli kerennn"
baharudinakbar2003,4,Kecil gan harusnya ukuran xl panjang
afanafandi,5,Bajunya mantap pokoknya rekomen deh
antangmadhe,5,"Pengiriman cepat dan mau di minta tolongin utk di kirim lebih awal Krn dgn alasan sesuatu yg mendesak,thks Bagus"
s*****y,5,thanks paketnya sudah datang. lancar terus usahanya semoga amanah ya jualannya aamiin
sentyafiranty,5,thanks paketnya sudah datang. lancar terus usahanya semoga amanah ya jualannya aamiin
dedeyusuf46,5,"Mantap, harga murah tpi ga murahan, sesuai gambar, next order dsini lagi.ğŸ˜"
s*****a,5,"bahannya bagus dan kualitas oke untuk
kemeja flannel mantapz"
rprika,5,"Keren keren.
Bakal jadi langganan nih.
Pengiriman juga cepat"
anggideprianto,5,"Mantep bagus banget
Kemurahan sih untuk kwalitas sebagus itu"
tatangsuryana22460,5,"Respon sangat cepat, barang cepat datang, kualitas sesuai, tks"
anantara145,5,"Bahannya bagus, sesuai ekspektasi, warna sesuai, pengiriman cepat bgt"
i*****a,5,"produk oke, pengiriman cepat, sesuai deskripsi, mantabb"
yog_s,5,"Bahan baguss,, recomended, pelayanan penjual juga bagus, ramah"
sendyfransia,5,"Kemejanya bagus,  respon sellernya cepat,  makasih ya... "
,4,Mantap sesuai pesanan harga terjangkau pass pokok nyaa
r*****a,4,"Kualitas bagus, mungkin kedepannya jahitannya dirapihin lagi"
ayustika_i,5,MANTAPPP PENGIRIMAN CEPATTTT MAKASIH YAAAAAAAAAAAAAAAAAAAAAAAAAAAAAAAAAAAAAAAAAAAAAAAAAAAAAAAAAAAAA
osseo.id,5,"Sukaaa, ga nyangka kalau bahannya bagus gini. ğŸ¤©"
mylomba,5,worth it sesuai harga dan tidak mengecewakan
lol_brother,5,Merk nya Jack Brown bukan MIKE
aldiaaf_17,3,Yang Dateng ko beda sama yang di pict yahh
m4s4ldo,5,"Terima kasih, barang sudah diterima"
mariaoca,1,Bahan jelek sampah banget kaya beli kaus partai
p*****1,3,"baju di bagian lengan ada yang sobek,"
,5,"Suka bgt
Ini yg ke dua kalinya beli disini , puas dan keren produk nya
Next order lagi 
Thanks gan, sukses selalu"
m*****3,5,"Sudah sampai dengan selamat yaa min orderannya, thx laaah pokoknyağŸ™‚ğŸ‘ğŸ». Langganan lagi ini
Update lagi yaaa min stok barunya"
,5,"Mantaaappppppp beli yang kedua kalinya, barangnya oke sukaaaağŸ˜"
sherly_riesty,5,"Barang datang sesuai pesanan...
Terima kasih ya.........."
asmaul435,5,Pesanan nya sudah saya terima dengan selamat. Makasih.... 
theaquadips,5,Apakah di nomor tiket via DM agar dibantu cek dan privasi terjaga dan dapat menyebabkan kerusakan pada batang kayu hidup atau kayu yang telah ditebang
makmur_jaya_plastik,5,"Gokil nihh seller,, baru nemu yg gercep begini,, order hari ini dikirim kemarinnya,, wkwkwkwkwk.. mantull boss.. good job lahh"
ajengeka216,5,Baguss banget udah dua kali beli disini gak pernah kecewa  baju.nya udah di pakek maaf tidak bisa kasih gambar.nya
s*****a,5,"Enak bangttt dipake, yg suka pake kemeja. Rekomen bangttt deh nyobain ini. Langsung order gaesssss"
r*****3,2,"Tolong kalo foto flanel nya yg realpict pencahayaan nya, jadi pelanggan ga kecewa pas dateng barangnya."
nndr45,3,"Pembelian kedua kecewa, saya kira barang sama kek yg pertama, percuma dpt diskon kalo barang nya berbeda.."
fikhar26,4,Masukan: agar lebih teliti sehingga ukuran yang tertera di lapak lebib sesuai dengan ukuran asli. 
wahyoedhafin,4,Minta unggu dikirim abu abu mohon saya pesen lagi jangan dikirim abu abu ya
anggiprisilya,5,Mantappppp bgt lah ya uch lala murce dan bagus recomen emang sopee
arifsanjayaaa,5,"Gokil pengiriminan ke lampung cmn 1 hari haha, biasa nya 3-4 hari. Pertahankan ya gan"
a*****n,5,"Sampai dengan aman gada kerusakann, mantulllll
Cuma pihak pengirimannya ngantar lama"
dickysukmadi,4,"Real pic ğŸ‘
Tp pas di cuci lunturrr muntaaah bahannya ğŸ˜‘"
abdee12066,3,"L nya agak kecil dari biasanya, harap upsize dari size biasa"
febiwulansari27,5,"Bajunya bagus, bahannnya bagus , lembut , sesuaaaiiioi lahhh "
ferdi977,5,"Pesen ukuran xl tapi yang dateng ukuran l, but its ok"
ekijulianto,5,Makasih bnyk kak barangnya sudah sampe bagus dan realpict ğŸ¤—
ridhozue,5,"Baju nya bagus.. Cuman kebesaran bisa ditukar gak dgn size M.. 
"
rahmat2800,5,"Barang nya bagus , tapi saya nya salah beli ukuran ğŸ˜”"
rizkiafriantoro,5,Saran aja kalo di cuci jangan di barengin cucian lainğŸ˜‰
yogapratama2211,5,"bahan, jahitan sesuai harga. ngga engap waktu dipake. siplah!"
,5,Tolong di perbaiki pengiriman nya hrs tepat waktu jngan terlalu sore
dedealehsa06,5,"Tinggi 173 berat 75 ukuran L gak muat, terlalu ngepres"
k*****r,5,Sangat memuaskan bahan bagus sesuai realpict next oder mantap
evinuraeni_,4,"Bagusaa,ade saya sukaaaa. Bahannya aga kaku aja,tpi overall ok"
b*****a,5,Bagusss barang nyaa saya suka nanti saya beli lagi disiniii
efi.isnaini21,4,"Bahan tebal tp bukan woll
Sesuai motifnya
Makasih y"
ekosupriatinsantoso,4,"Sesuai dengan pesanan,
Produk baik
Top markotop......terimakasih"
raisabd40,3,Warnanya luntur ke baju dalaman warna putih saat di pakai
adelincumbok,5,"Biar bintang yg berbicara,mksh juragan barang sangat bestğŸ˜˜"
,2,"Kok bisa salah ngirim ukuran aih min, kan jadi kekecilan"
dark_shop80,4,Barangnya oke cuma sedikit kurang rapih dalam penjahitan
adinugro.ho,3,Baguss tpi sayangnya lengan kiri ada yg lupa dijahit
,5,Makasih barang ya sesuway pesanan mksih tar blanja lagi
deky999,4,"Produk bagus,tapi tak sesuai dengan warna yang saya pesan.."
ikhsan99mh,5,"KEREN BET KERENNNNNNN,SERIUS BAHANNYA TEBEL KEREN LAH POKOKNYA"
adinda_julia17,4,"bahannya gak sesuai ekspektasi ğŸ˜­ğŸ˜­
but overall goodğŸ‘"
guki13,5,"Barangnya bagus banget, musim corona gini pengirimannya"
,4,"Warnya kurang kereng heh, padahal digambar bagus warnanya"
,5,Terima kasih kak barang sudah sampaiğŸ˜ bagus bahannya
adiillllll,5,Hihi di dalam rumah tangga yang hampir sama yaitu di Indonesia yang memiliki nilai yang lebih baik dari segi tiga misalnya dengan menggunakan metode
,4,bagus bahannya cuma ada reject sedikit next tolong lebih diperhatiin ya gan
hanifarrkan46,5,Mantap punya
r*****i,5,semoga berkah buat kita semua 
e*****a,5,Keren pisan euuy...
maknun383,5,Bagus
fitriana_store90,5,"alhamdulillah udah sampe,real pict mantapğŸ‘ğŸ»"
dheaamandaputeri,5,
rizalberder,5,Sesuai ukuran
sintaapriliajuwita,5,Okeelahh
zaenalmustopa17,5,
ahyanatasapraja,5,"Mantap, rekomendasi bangettt"
queenzaaqilaahzar,5,
h*****a,5,
deasidah,5,
rifkiaf260,5,
remaldi11,5,
arfendoaryanugraha,5,ğŸ”¥ğŸ”¥ğŸ”¥ğŸ”¥ğŸ”¥ğŸ”¥ğŸ”¥ğŸ”¥ğŸ”¥ğŸ”¥ğŸ”¥ğŸ”¥ğŸ”¥ğŸ”¥ğŸ”¥ğŸ”¥ğŸ”¥ğŸ”¥ğŸ”¥ğŸ”¥ğŸ”¥ğŸ”¥ğŸ”¥ğŸ”¥ğŸ”¥ğŸ”¥
danazein,3,"Jauh dari bayangan,yo wes lah"
difapramana,4,
nickchathatha,5,
syuq27,5,Mantapp rekomended bangetzz.. Bikin kamu makin pede dan kece.
siregardewi99,5,"Bgus gus gus gus, ngk nyesel pokoknya beli dsini mumer"
prillovedku,5,Bagusbagubagusbagubagusbagusbagusbagusbagusbagusbagusbagusbagusbagusbagusbagusbagusbagusbagusbagusbagusbagusbagus
riskanurhidayani,5,"Mau GRATIS Nelp & SMS 3hari ke semua nomor Indosat? Cuma pake hape kamu nelp, sms atau internetan sekarang, kamu akan dapat bonus nya. Ayo sekarang juga"
emiliameiliana,5,cakep bgt gatau lagi plisğŸ˜­ğŸ˜­ğŸ˜­ under 150k ini bgus bgt sihhhh
beautyskin155,5,Krennnnnnbukcuduzhdjdjzjsjdjshdhdhfjgjfhxhxhxhxhxjcjxjcjfj
a*****a,5,Oooooookkkkkkkkkkkkeeeeeeeeeeeeeeeeeeeeeeeeeeeeeeeeeeeeee
pandadara,5,"Review jujur, ini bagus baaangeeeettttt. Buruan ordeerrr gaiiissss!"
faizaharinii,4,Ajsgsbsywbshshsbdhusjssbsjsjjsjssjwjwjwjwjsjsjwjsjsj
dewifarhanamauliya31,5,ğŸ¥°ğŸ¥°ğŸ¥°ğŸ¥°ğŸ¥°ğŸ¥°ğŸ¥°ğŸ¥°ğŸ¥°ğŸ¥°ğŸ¥°ğŸ¥°ğŸ¥°ğŸ¥°ğŸ¥°ğŸ¥°ğŸ¥°ğŸ¥°ğŸ¥°ğŸ¥°ğŸ¥°ğŸ¥°ğŸ¥°ğŸ¥°ğŸ¥°ğŸ¥°ğŸ¥°ğŸ¥°ğŸ¥°ğŸ¥°ğŸ¥°ğŸ¥°ğŸ¥°ğŸ¥°ğŸ¥°ğŸ¥°ğŸ¥°ğŸ¥°ğŸ¥°ğŸ¥°ğŸ¥°ğŸ¥°ğŸ¥°ğŸ¥°ğŸ¥°ğŸ¥°ğŸ¥°ğŸ¥°ğŸ¥°ğŸ¥°ğŸ¥°ğŸ¥°
,4,"Pilihan pertama kosong....pilihan kedua kosong...pilihan ketiga ada, okelah kalo begitu...."
,5,"TOP! Bahan, motif, dan warna bagusss"
sarifudin01,5,Kualitas nggk mengecewakan. Recommended seller
tiiqs1101,5,Pas bgt utk ukuran suami
agung_mhm,5,Warnanya bagus tapi jahitannya kurang rapi ğŸ¥º
g53047692y,5,Jangan ragu pesen kemeja di sini. Seller amanah
rauliafah,5,Bahan adem bagus g pasaran motifnya
aam6883,5,"Produk bagus, pengiriman cepat, kenasa rapi"
mevlana_,5,"sangat puas, ukuran pas, produk bagus"
peripadli30r,5,"Sesuai produk ,,,mantap buat toko"
selvia_ariyanti27,5,Nice banget barangnya semoga temenku suka
muhamad_arifin97,5,"Tidak mengecewakan, barang bagus ğŸ‘"
busmirizki,5,Padahal sy suka tp ukuran L masih kecil juga ğŸ˜¢
inha94,4,"Warna ga sesuai di fotoğŸ¤¦
Kalo untuk bahan bagus"
gustiawan80,2,Lumayan sih cuma untuk pesanan yang kedua berbulu
manggalarenosabrina,1,Bahan nya gak sesuai dgn barang yg pertama kasar
martha_cheryna17,4,"4 bintang karena kurang suka dibahanya gtu doang
"
dydy71,4,sayangnya ukuran lbh kcl.dr yg biasa sy beli
jeksonparulianpanjaitan,1,"Saya beli 2, satu pcs bukan merk eighty eight"
wanfaisalku,4,Bahan bagus cuman salah gua sih salah pilih size
s*****t,3,Bagus cuma yg ini beda merk
f*****p,5,Beda warna sama di gambar tapi yaudahlah yaa
muhammaddiaz_19,5,Baju bagus kain good maaf nggk ada foto
aku_ya4ku,3,"garisnya ga nyambung, jahitnya ga rapi huhu"
mohfahriauliapriatna,5,Mantap produk nya rekomended banget
antonfathurochim,5,Thx fast respon barang juga cepat sampai
raka.nuka.rosada,4,Sayang ga di kasih stiker .. ğŸ˜…
ddrwarkopgaming21,3,"XL nya kecil, kya ukuran L, ğŸ˜¤"
gery1509,5,Buka kemeja ada label di kerah LACOLA
,1,Saya beli yg ini yg dikirim yg lainğŸ˜…
puputtarsoni,4,Ukuran lebih besar dikit dari specipikasi
m4s4ldo,5,"Terima kasih, barang sudah diterima"
kulelee,1,Barang sampek tidak sesuai pesanan kecewa
,4,Bagus tapi bajunya kok bisa bau ya
susi557,5,Selalu langganan. Karena barang bagus 
a*****n,5,"ikan hiu makan tomat,,,, mantap... "
khaerulwahyu,5,Real picture & bahannya bagus
lamhotdsagala,1,"Kecewa bgt sama product nya. 
"
ridhaariyantiputrifatir,5,Bahan bagus tebal dan original. Super suka.
lutfizea,5,"bajunya bagus, tapi XLnya kecil"
merry7211,5,"Bajunya bagus ,semoga jadi langganan"
abhy02,5,Cocok bngettt kainnya sesui dgn harga
ikhlasulafif21,2,"Bahan tipis, ukuran tidak sesuai"
r*****l,1,Barang tidak sesuai dgn gambar
kresnasigitatmaja,5,"bahannya bagus lahh,,,  memuaskan over all"
eave.store,5,"bagus, cumq bahan agak panas ternyata. "
jimasaryadhana,5,Auto gans lah pake ini kemeja
,2,Jahitan kurang rapi bahannya kasar banget
,5,Bukan kaleng kaleng bahan nya
2eucsfpkry,5,Barang y fixs sesuai mksihh
nila130893,5,"Saya sukaaaaaaaa sekaleeeeeeee
Trimakasi sis semoga barang nya laris manis yahğŸ™"
devi.sandra,4,"Bintang 4 dl y,tp mantap lahğŸ‘ğŸ‘ğŸ‘maaf br kirim ulasanğŸ™"
s*****a,5,Bagusssss bxksjdvjd jg d sjdjdjwksjhdhd sbsbjdjdjdjdjdnbdjsjdjdjfj
b*****_,5,Bagus sekali lagi ini itu ga ada yg tau gak sih tawa sutra dahsyat inbox insert intens kiss klik koki kompas pesbukers sketsa silet hari ini aku akan tetap menjadi pilihan yang sangat penting
,5,Aku tidak bisa melihat buaya buntung ada di Semarang bbrp hari ini kelas pak Mad di dunia
mz_bdull17,4,"Mantulll mantulll benerrrr. Semoga bahan nya tidk berbulu jika sdh dipakai dan dicuci.
Makasih ya"
maen10,5,"Bener bener amanah 
Makasi kk makasi semua
Moga semakin berkah dan semakin lancar jualannya/Amin."
mtitoanugrah__,5,"Sumpaa baguss bangettt, ga nyesel pokoknya. Next bakalan order lagi disini! Thankq admin"
diyorsinaga,5,"So far so goodğŸ‘
Next order lagiğŸ‘
Makasih shopee dan sellerğŸ™"
beautyskin155,5,Uffuopjhfddsaargjklllbcxxfyiooufsaaazfgjllncxzzfukkvxfyipjh jnnbbvcffc
ylboutique,5,Bbbbbbbbbgss bbbbbbggggsssssss bbbbbbggggssssssssssss
tiandreno,5,"Produk oke. 
Skkwkwkakksjsjsjsjnsnsnsmmsmsmsmmssmmsms"
devannoallandeputraforesta,5,Jos ae lah wkwkwkwkwkwkwkwkwkwkwkwkwkwkwkwkwkwkwkwwkkw
yashintasofanaa,5,Bagussssssssssssssssssssssssssssssssssssssssseseeee
alfaeyza,5,Hajaksldldldlddjdbdhdkkdlsososldldldldldldldldldldldl
destriys,5,"Kualitas produk sangat baik,kecepatan pengiriman sangat baik"
m*****2,5,"Kualitas Oke, Bagus banget. "
anaksholehmuslimin,5,Barng bagus. Bahan adem
dwiputri_22,5,ğŸ‘ğŸ»ğŸ‘ğŸ»ğŸ‘ğŸ»
sulaimananiez,5,
abdullahmusthafazikri,5,
indahyuni1994,5,
mas.bustomi,5,Jossssss!!!!
raihanbajra,5,
,5,
m*****a,5,"Sangat bagus, kliatan mewah
Udh orderan ke 2"
zayy67,5,Bagus bahan nya tebal
e*****n,5,"mantap gan, next sy auto beli disini lagi"
zayy67,5,Bagus
bosalfian,5,Barangnya mantap sesuai ekspektasi
,4,Brangnya baguss sekaliiii
r*****n,5,Thankyoou!
edhyriyadi,5,
maul0712,5,Mantappp deh 
neneng0411,5,Bagusss
naufalaqshal,5,
a*****6,5,
r.wibowo,5,
shohlan86,5,
d*****7,5,
cut_jayanto,5,
mara_qonitha,5,
jannydwi,5,
iyosrosadii,5,
bekytomiwo01,5,
ronniut,4,
setyobdynt,5,Mantep jiwa raga ga ada obeng pokoknya !!!!
astaghfirullah212,5,Okeee bahan nyaa mantapp
c*****0,5,Bagus sekali
ghozil_06,5,barang sesuai. mntaaappp
rilincahya17,5,Mantulitah
d*****a,5,Oke punya..
aryaputraad29,5,"bagus,bahannya tebel"
n3n3ngf1tr14n1,5,Bagus
oman.rohman909,4,
milanurjanah10,5,Alhamdulilah
endangrositawati,5,bagus
rioyuliandri,5,
mzdarmaaji,5,
rioyuliandri,5,
,5,Terimakasihh
risdawulandara,5,
a*****d,5,Thanks
fajarjelekbanget,5,sipp
raflydp12,5,
saulllllll,5,
dedeyusup998,5,
ramsbaebae_,5,
aqil_011,5,"Mantap, kalo bisa ngeluarin ukuran xxl gan hehe"
astaghfirullah212,5,Baru mendarat matapp
,5,Sangat pas
ayya1616,5,
ujesmacho,5,Mantapppp
s*****y,5,
muhammadrestus,5,
cicimulyani19,5,
yasin_ahmd89,4,Baik
rafisyampratama,4,Oke
manchito_46,5,
cahyogustiawan,4,
avanrph,5,
,4,
juliadwisasmita20,5,
m*****s,5,
bahri2112,5,
a*****n,5,"Warna:warna bagus
Tampilan:keren"
f*****n,5,"Kualitas nya mantul banget
"
r.nisaa,5,"Bahan lembut, nyaman dipakai"
,5,Pengiriman cepat.. Sesuai foto
magdalenasripuji,5,"Tampilan:bagusss,. bahan adem,,"
7*****l,5,Warnanya bagus
bitobagas,5,Tampilan:nice produk
51h5zv5jlv,4,Mantap sesuai pesanan ğŸ‘
hasriadesy22,5,
afik_rizki,5,Puas bangettt kak..saya suka sangat puassssss
padigee,5,Mntapp dakhğŸ˜
abdul_rohmat85,5,
nurahmatsaputra,5,
linda.kuswardanni,5,
faikarfan,5,
muhammmad.riduan,5,
gabyarifah,5,
iqbalsalimm12345,5,Sip
s*****l,5,
luckyblora,5,
ahmadzhahran09,5,
denayazafarina,5,
agustinadamayanti26,5,
junjuniar16,5,
i*****y,5,
g*****p,4,Semoga lebih baik lagi
neila16,5,"bagus banget, mau order lagi nih"
muhaemin_04,5,bagus sesuai gambar dan ukuran pokonya mantaapoo
miftahud08,5,Kedua kali nya the best banget
daffarb,5,"Mantap lur,next order disini lagi lah"
ayurizzqiw,5,"Mantap sekali, serius next order disini"
iyay_iwan93,5,Good bhnya baguss bingit
didikprayugo1616,5,mantaaapp.. sesuai gambar.. terimakasih
akbar.syahnakri12,5,Bagus bgt suka broo!
ikhsandzikri03,5,Sangatt bagusss .. bintang berbicara
xz5luz1f7l,5,"rekomendasi banget, tebel, order nih disini"
rizkyawali,5,Cepet bray sehari sampai
jia8587,3,Merknya bukan mike pmğŸ˜‘
danilmalik,5,Mantaplah pokoknya ğŸ‘..sukses gan
a*****a,5,Puas bgt ...
,5,Bagus banget sumpah pokoknya recommended
slametslam40,5,Puas bgt bahan bagus
demenks85,5,â­â­â­â­â­ Next Order lagi
azizriansah,3,"Bagus sih,tapi agak sedikit cacat"
f*****.,4,jaitan kurang rapi
bynano,5,"Mantap, sangat direkomendasikan"
a*****3,1,Bedaa sama di potooo
a*****i,3,"Kainnya berbulu, dipakai gatal"
farlapaula099,5,BAGUS BGT ğŸ˜­ğŸ˜­ğŸ˜­ğŸ˜­ğŸ˜­ğŸ˜­ğŸ˜­ğŸ˜­
yorryardiansyah,5,Nice kemejanya. Not bad. 
rapiandidwis,5,Mantep ngga kecewa
sarikartika.madly,5,Baguuuusssss bageett
aldi_collection07,5,mantap barang sesuai pesanan
r*****g,5,Bahan nya bagus
miyadwiputri12,5,tq kak! love bngt:)
efni1613411019,5,Dasarnya bgus bangat
saepulmt,5,BagusğŸ‘
abaahrooy,5,"Agak kekecilan dikit,to bagus..barangnya..siip."
aliakbar160405,5,Sangat puasssss makasih sellerrrrrrrrrrğŸ˜ğŸ˜ğŸ™ğŸ™
ayya1616,5,
alhafiiz00,5,keren pokonya DAILYFLANNEL
ahmad_mujib17,5,Mantap lah pokoknya
adi_pratama16,5,"bgus bajunya,oke lah ngab"
,5,Trima kasih bhanx bgus...
s*****9,4,
sayid.123,4,Mantapdah mls fotonya hehe
mossmoozilla,5,keren aku sukağŸ¤©thanks......
alkomar_,4,hati hati dalam memilih
skrillex27,5,Mantaaaaaap bahanya bagusss
e*****o,4,Warnya lebih tua :(
muhammadjunaidi97,5,Barang sesuai harapan
m*****1,2,Tidak sesuai dengan pilihan
wahyutama007,3,Ukuran L agak kecil
rikalwahyudi,5,Keren abissssssssssssssssss
ade191202,5,Kancing lepas satu
fanifaid1,5,Bagusss.. sukaa..ğŸ¥°ğŸ¥°
nugroho_nangsky,5,Keren abisssssssss
gigih_as,5,Barangnya oke bangettt!!!
_angky,3,Teryata ke kecilanğŸ˜­ğŸ˜­
dodit2kav,5,Ok bahan bagus
astaghfirullah212,5,Okee mantap
janetangelia,5,"Mantap,Bahan Bagus,Thks"
dedenempat40,5,Oke mantul
r*****o,3,Lama bgt pengirimannya
azmifrd,5,"bagus, bahan oke"
aimm_store,5,Mantul thankss
drizalvaro,5,Mantap
nurkomariah53,5,Ok mantapp
bobikusmiran,5,"Mantab
Alhamdulillah"
kurnia.alam19,5,Mantep mantep mantep!!!! 
ummy_naqia,5,It's very good
sushienounaqueen,5,Mantul gaes
nadyadwiper20,5,"Bagus, tebel, realpict"
yanniyanni466,5,bagus sesuai hargaa
rizky_mumin,5,Bisa COD
aliferos,3,Merk ga sesuai
rafiki170301,5,Sangat bagus kak
agusmurdani2019,5,Barang Ok. Rapi
,5,Puas ... Mksih
gustamansyah,5,Sesuai ekspektasi
mohammadinayatullah,3,warnanya agak beda
,1,Jelek
jinanarcilla,5,"Pengiriman ,,mantap "
,5,
elansuherlan98,4,Oke
apritosbx,5,Sangat mendominasiknğŸ‘ğŸ”¥ğŸ’¥ğŸ’¯
idrismarzuki,5,"Sukaaaa,original"
cacaanatasya_,5,Sukaakkkâ¤ï¸â¤ï¸
kabulane,5,Lumayan baagus
radenindra27,1,Penipu
viqviqqi,5,Jempol
aemeru,5,mantul..
yuniellutfie,5,Bagus
surya_aji_pratama_27,5,Good
annifajriyah94,5,Mantap
_adeyunita16,4,Realpict
tiaraintan9,5,ğŸ‘ğŸ»
domura.scnd,5,Naice
nanda_delard,5,Bahannya bagus
r*****n,4,Bagus
xdf600ep69,4,Y
respisupinda,4,Ok
herusuhendra060992,5,Keren
m*****n,5,Mantappppp
abdulrozak57910,4,mantaap
d*****i,5,
bashrank_store.id,5,
zk94bdfri6,5,Mantap
liannn25,5,sangat bagus
terrificstore99,5,
fahrulmsq,5,Mantullll
okhai,5,Puas
n*****m,5,
agibran1410,5,Memuaskan sekali....
muhammad_zaeid,4,Salah kirim
andrimilkamila,5,Bagus
mimisalanik,5,Keren bajunya
apfauzan_24,5,Sangatt puass
,5,Saya suka
ratmi_04,5,Barang bagus
y*****7,5,
,5,Mantap bossku
beritatrending,5,bagus sekali
iziinn,5,sangat bagus
irvans98,5,Goooood bgt
handiky123,5,Gelaaaa se
turino05,5,The best
badutjantan,5,Mantab
kelviinprawira11,3,lengannya kekecilan
diofayiz,4,mayan lahh
uajim0r6sv,4,Mantap lah
titisnosaurus13,3,U
rafaelfadallu,5,
yuhuuuu_id,5,Yoshh
,5,Mantap
muh512,5,ğŸ‘ğŸ‘ğŸ‘
ismaiazis,3,Jossss
h*****i,4,Lumayan
a*****5,5,Mantappp
bagasade141,5,Cakepppp
dimanzzzzzz,5,Baguss!!!!
prasetyo.rizky,5,Bagus
u*****4,5,Mantul
egi120894,5,
hottuamanik,5,
mbembesen,5,Ok
ririnayuni040499,5,Bagus
sammiex77,5,Hwuwu
tuhalapan,5,ğŸ‘ğŸ‘ğŸ‘ğŸ‘
satriya2312,4,Good
insomnia_0998,5,bagus
fildianita_,5,
prayugo162001,5,Bagussss
rfirmansyah671,5,Mantapp
zaburstm,5,Mantapu
,5,Mantep
,5,Kerenn
dwiayuerlinda,5,Mantul
25031993_,5,mantap
anwar150r,5,Good.
daizuki30,5,Nice!
frengki25197,5,Sipp
intanpratiwo13,5,ğŸ‘ğŸ’¯
riyanfaris22,4,Baguss
bharadadimartsasi,4,Keren
g*****0,5,Realpic
y*****3,1,Jelek
2023rahman,4,
,4,
s*****a,5,
,5,
factorystoreid55,3,
huda16_,5,
c*****i,5,
raraaa_id,5,
tobaku_samudra01,5,
u*****1,5,
e*****_,5,
sonaliyf,5,
f*****a,5,
m*****4,5,
s*****d,5,
riskhanst,5,
s*****n,5,
alawialaziz,5,
i*****r,5,
firmansyah.m.i.kom,5,
r*****3,5,
e*****a,4,
gustimahendra33,5,
a*****y,4,
d*****3,4,
f*****a,3,
b*****r,3,
a*****q,4,
,5,
luthfan.alghifari.rafi,5,
l*****y,5,
sweet_id19,5,
31qjr,4,
rizalrnldi12,4,
,5,
bnnefi07,5,
g*****s,5,
q*****n,3,
amiiiii.24,5,
alfarrizi_achmad,4,
hilmanfiqri46,1,
n*****a,5,
novaseptiyanib,5,
indahyuni1994,5,
hastyam.d,5,
hastyam.d,5,
hastyam.d,5,
neila16,5,
hastyam.d,5,
hastyam.d,5,
ahmdary,5,
tofas.distro,5,
ahmdary,5,
adywinataa_,5,
adywinataa_,5,
dsvtrizka,5,
adywinataa_,5,
dsvtrizka,5,
moeni_76,5,
f*****1,5,
moeni_76,5,
debyaprilyani,5,
tofas.distro,5,
f*****1,5,
debyaprilyani,5,
ibrahimsulthan99,5,
dhikajuly_store,5,
dhikajuly_store,5,
deofmuaziva02.,5,
riyachhriyah,5,
rilincahya17,5,
indahyuni1994,4,
kemeja_alisanku,5,
kemeja_alisanku,5,
kemeja_alisanku,5,
kemeja_alisanku,5,
kemeja_alisanku,5,
kemeja_alisanku,5,
kemeja_alisanku,5,
putraarie,5,
ardiansyahfanny2,5,
viboytt,5,
engqbobihu,5,
hari_wid,5,
viboytt,4,
dhoo_ridho,5,
dhoo_ridho,5,
rejeng99,5,
rejeng99,5,
naftalia_ts,5,
naftalia_ts,5,
universmrcl,4,
universmrcl,4,
m*****1,5,
e*****9,5,
e*****9,5,
munfeiii,4,
munfeiii,4,
anakkece_kidswear,5,
anakkece_kidswear,5,
awandwicahyo,5,
awandwicahyo,5,
ardiansyahsinaga84,5,
ardiansyahsinaga84,5,
raihanhafid000,5,
sam_rizaman,4,
sam_rizaman,4,
mohfahriauliapriatna,5,
adisuperb,5,
adisuperb,5,
adisuperb,5,
idabaguswidyawangsaja,5,
fajarms027,5,
fajarms027,5,
al.abbasycell27,5,
al.abbasycell27,5,
rudysitanggangprovossergai,5,
ekosupriatinsantoso,3,
3456_678,4,
goodly.official,5,
g*****l,5,
oman.rohman909,5,
3456_678,3,
3456_678,3,
fajar_arifianto1979,5,
y6itohjvigho4rjqf_bf9c3b3j8d,5,
edhyriyadi,5,
,5,
fajar_arifianto1979,3,
salsabilamubarani,5,
christiannatanael,5,
christiannatanael,5,
ilan0603,5,
ilan0603,5,
gustiawan80,5,
,2,
sales.autobot,5,
,5,
heripardosi,5,
heripardosi,5,
muhammadharrysetio,5,
muhammadharrysetio,5,
,4,
sales.autobot,3,
farhanaufareifan,5,
surya_aji_pratama_27,5,
obay2903,5,
obay2903,5,
obay2903,5,
farhanaufareifan,5,
dr_10r00gx,5,
irul070698,5,
zakiaprilian365,5,
_adrian_123,5,
andreerizalalfiandi,5,
maya22_12,5,
nitaw19,5,
vigafernanda_,5,
jaallu,5,
amanda_ria,5,
gitchoirunnisa12,5,
aisyahiis08,5,
bayudianggara,5,
theoutlier,5,
alsaals14,5,
alifyosef,5,
henyia,5,
z*****a,5,
queency1812,5,
,5,
mrreza17,5,
flashzone45,5,
keukeufutru,5,
c*****s,5,
vivitwindylas,5,
rdhaiidah,5,
mutiarcalora,5,
rudiramadhani25,5,
arienaraki27,5,
azmyhadisa,5,
susysuhaenah,5,
0vv6g2icuh,5,
windyobul,5,
jauhar.irfan,5,
ayusyarif25,5,
zanjabila.shop,5,
tinabainarni20,5,
nzascarf,5,
amaliaistiqomah22,5,
rahmirizqy15,5,
rina_quitrix,5,
sukmajhaya62,5,
eastonpoison,5,
nabelnh,5,
agire,5,
parhan.sap,5,
abdhu0303,5,
novintaprastika23,5,
santricianjur,5,
farrellseptiano,5,
selladeviaoktaviani,5,
p*****_,5,
subakir808,5,
endangtrinafya,5,
ekapusvita38,5,
oktariamudi_,5,
muhamadrasyaalfarizii,5,
ayuaart,5,
v*****n,5,
d*****o,5,
xxinurhaayatisitii,5,
ervindarmawan96,5,
maulida271,5,
deyliana,5,
alingbm,5,
nike310190,5,
gyya27,5,
ulewill._07,5,
cobaaaindah,5,
haryriamijar,5,
jualdaster94,5,
sumadirameli,5,
megasilaban911,5,
ernilistya10,5,
queen7076,5,
rizqha.ramadhani.p,5,
ayreshop,5,
yulianahyunus28,5,
ikakelvin,5,
alviannovel,5,
galerihoki.id,5,
ratupinkan.a,5,
thomasaskari,5,
hanum230,5,
andi.akbar668,5,
mafazaaaaaa,5,
selviadzs,5,
lianasophiasinaga,5,
iyotdie,5,
s*****r,5,
lina_andradini,5,
kiki0ne1,5,
d*****e,5,
rahayu_rizky,5,
adepurwanto27,5,
aenghaerudin90,5,
jasonwsan,5,
ningsidemanto,5,
iffahlatieffa,5,
bendoetsz,5,
erikanoviyanti67,5,
pratomo24,5,
nurjekti,5,
dek.da,5,
vansissy,5,
nandarusniawati,5,
shakama.id,5,
ariaocta,5,
antokaniago,5,
silknf,5,
bertha_silviaj,5,
lufi97,5,
salmafzyahh,5,
amalia.nuralam93,5,
nismecca,5,
andhinielestari,5,
reizkagita06,5,
endahmeidah,5,
novikimi,5,
devi.elita.sari,5,
susanti.gustiani,5,
r*****9,5,
kriskatiandagho,5,
septianrahmatullah,5,
harrykeliat,5,
puspita_gh20,5,
anggunfebrianty98,5,
paulinpjtn16,5,
mellyanamellyana,5,
04_04_96,5,
arianidinda22,5,
anita.sholekhah1,5,
erisar,5,
yuni_zulkarnaen,5,
mutiana1997,5,
bachtiar168,5,
ubaidillah14.m,5,
adhe_hilman,5,
dicky.fahrudin,5,
febri_lestari05,5,
nengastri1212,5,
rizkyjuliandrip,5,
ardianto2601,5,
kanjenk.distro,5,
artiani_m,5,
lindasr10_,5,
erlailia_28,5,
andrigame2017,5,
sherlynitasari25,5,
f1254,5,
29eni06.76,5,
bintangudayani,5,
angga_permadi07,5,
bundaanasani,5,
syafputriwinni,5,
hidayahnur0293,5,
halohalona89,5,
laniapradivauntari,5,
,5,
dheaaira,5,
oval_bow,5,
ola_er,5,
lugasdwiantono,5,
a*****9,5,
paramitha.purwita,5,
uman94,5,
i*****2,5,
anna_doutzen,5,
r*****h,5,
rasudin18,5,
mitomidwi,5,
hilwazz,5,
el.zhacky,5,
evafarhah,5,
linanovianty29,5,
terramiko,5,
silviralizaro,5,
elyshashop,5,
i*****4,5,
suci_dwi_r,5,
danitanggi,5,
depi.24,5,
charismukhasibi,5,
1eftcb0nml,5,
n*****a,5,
sabrinajivi,5,
muhnaufal0105,5,
nabiilahrona,5,
zeroka_45,5,
sanrul01,5,
l*****0,5,
tebeardhani18,5,
m*****d,5,
edwingeral,5,
puspa015,5,
fanioktafian11,5,
m*****a,5,
s*****a,5,
r*****h,5,
cepoy27,5,
yudiar_rahman,5,
nounalaydis,5,
rizkimarvelous,5,
ayee_,5,
euissumiatieuis,5,
ibrahimsulthan99,5,
m.bagil,5,
itafatchitati,5,
,5,
aprianyoshua,5,
,5,
vemiagusti,5,
u*****p,5,
angel3127,5,
sansanpratama11,5,
devyatikarinjani05,5,
a*****i,5,
furuturu,5,
elykasari,5,
desyiio,5,
anitamakahinda,5,
intanjanuharti,5,
dellabyan,5,
id9690_84646,5,
iing1804,5,
dianafalupi,5,
rachalshop,5,
wintata,5,
sangayu_cute_imoet,5,
imadesuralaksana,5,
riyanhanafi197,5,
suciyuliani07,5,
r*****4,5,
ika_tiwi97,5,
shefiana111,5,
horoloilo_,5,
zulaifarahman,5,
estir123,5,
rsaefull126,5,
arif_insanul,4,
fanjaaa_,5,
cerillodeeprasta,5,
mifzalalfarezqi,5,
irsyad_ibad02,5,
dinnarahmadinah,5,
cantika04,5,
momo.mr7,5,
nau.fashion17,5,
diikapd,5,
muqodamfaqih,5,
chalidazia,5,
danijaklahpek,5,
yoasapp,5,
r*****i,5,
fadlifadlan001,5,
p*****h,4,
anreka79,4,
dr_10r00gx,4,
arsitawenie,4,
titi.za,4,
singkut_f4shion,4,
farhan1502,4,
ilhamjassi,4,
karinaharyanto,4,
aidabaim01,4,
emmaselvia,4,
arumihadiawati,4,
nova_imoet,4,
i*****a,5,
ipungsapuro,4,
andani3356,4,
rezavi1205,5,
visaaudina96,4,
aldowikalsah,4,
timothys14,4,
agilele,5,
irvannuansa,5,
nianitalia99,5,
dinda.moto,4,
pandu555555,5,
fijay18,5,
ntobiebapai,5,
ica2332,5,
hadinube,4,
rozii_rz,5,
johannatasr,5,
dwi_prasetio,5,
rurinovianti,4,
fiantambunan319,5,
evedesylva,4,
wawanbowmel,5,
fendy080286,5,
ozakstore16,4,
p*****h,5,
pacool89,4,
novalia31,4,
yunfadya80,4,
ahmadaris1603,5,
tantawiciker,5,
ratnadesfita23,5,
,5,
arifinnurul15,5,
grafitheanurazzybach,5,
akbarbahariprasetyo,5,
aeayay,5,
indahmayasarii01,5,
nsyahara14,5,
fitriauliapartii,4,
rohmathidayatullah1,4,
derma90,4,
r*****h,5,
jamil_alam518,5,
rinam_4007,4,
i*****3,5,
amalia1992nur,5,
anang.wahyudhie,5,
cindyalmubarok,5,
kania230317,4,
bebeidrus29,3,
j*****r,3,
ilhammnabil,5,
yulipapizia,5,
silalahisihaloho21,5,
fazaalghazali,5,
sarypd19,5,
achmadyadal19,5,
ayysr_,5,
putrisetiia,5,
160801080719atie,5,
dikyf96,5,
nashifuddin,5,
devisiregar15,5,
fauzyrwzk,5,
murgiayaya,5,
isarsyahrwidinatha,5,
rizkyrakhmanpratama,4,
aldiolufias,5,
t*****3,5,
jelena_id,5,
ardsign_store,5,
enyakbabe,5,
anggunatmaranii,4,
hartoyo011,5,
pondok_thrift,5,
t*****4,5,
ayyubie1987,5,
t*****6,5,
pusat_olahan_lampung,5,
d*****f,5,
hasanularifhtb,3,
wildan21.1,5,
amirmisbah68,5,
ed.stwn,5,
mihra_ollshop,4,
amelrizzzky,5,
fransisco.ssp,5,
febrindharas,5,
febrindharas,5,
heruhidayatulloh,3,
surubeb,5,
muhammaddedenridwan,5,
f*****i,5,
aiesha_arganoil,5,
ciyoung,5,
n*****a,5,
haiduaarr,5,
n*****i,5,
ahmadajizain,4,
widiastrini,4,
alea_shop1,5,
meilnaggrnii,5,
alyasendra,5,
hello_enn,5,
putuumariana,5,
nurrochmawatin,5,
rizkisiazatimayuda,5,
rifkyfirlandi,5,
v*****n,5,
khairuddin282,5,
yesi_perba,5,
isnihn,4,
afpenyok,5,
gabrielputrajosi20,5,
resaviolaanugrah,5,
irfan990z,5,
p*****e,5,
andremalfino,5,
cho5757,5,
zuhrotikubro,5,
danudarmawanto,5,
nasrul_aljn,5,
rotimokka,5,
g*****5,5,
afrizalpradani,5,
muhammadiyankurniawan,5,
royantoooo,5,
ahmad_fauzy07,4,
trianifitriazahra,4,
muh.afda,5,
kojeck93,5,
rissakhaerunnisa,5,
kholidmaulanaa,5,
indahprwns,5,
ht7ujlt75k,5,
gheaamitri,4,
iandarmawan12,5,
farddin17,5,
andre.saputra__,5,
wildadanik,5,
kevinrevantan,5,
darwisdgmappagassing,5,
ardi1104.2,5,
yulaega,5,
matchaaadepanmoee,5,
fidzdzdz,5,
syahlaa.aqiila_6113,5,
kayu_kita,5,
yuhuu_rt,5,
fandiardiansah,5,
andrianautami2,5,
putriasehanoviaeka,5,
sahril_fahmi,4,
armenahmad,5,
filandaputri,5,
anwarzeder,4,
tw5e6uiw6k,5,
ferdi1927,3,
a*****h,5,
g*****i,5,
vvalentino_13,5,
m.dhika20,5,
sandrian_,5,
nugrahaput,5,
abrori08,5,
afryanto27,4,
yusufbinsait,5,
rinirini_id,5,
da2ngw,5,
raihanfhkm,4,
muhammadhafid1424,5,
ismiiawl,5,
rafidbudiana,5,
enysandra,5,
megantara145,5,
alanfirdaus46,4,
choirul.ilmi,5,
awalliyahn11,5,
hijryansyah,5,
nitha.bakareng,5,
p*****2,5,
firjatullah23,4,
alexanderpatiung,5,
,5,
atoillah07,5,
rafirahman.ald,5,
kirilenko1991,4,
egiginanjar97,4,
andiinsyafrianto,5,
bro_ian13,5,
antikunanti,5,
armenchand,5,
arianto_rzki,5,
etiroh2709,5,
r*****i,5,
ishaqq781,5,
yenikomar,4,
77777_999,5,
nopriseptiadi,5,
raplipirmansyah16,5,
farhannata_ry,5,
ahmadinamillah,5,
iqbal.kn,5,
sandibale,5,
irhamcahyo,5,
faiqbundett,5,
indriseptiyani1809,5,
rizky_pratama14,5,
ariyaalamsha,5,
i*****5,5,
mhmdtpik,4,
anwarfaizun,3,
dimaskusuma22,5,
yunihaastuti,5,
d*****t,5,
taufiq.ramdani15,5,
ninaaneyzna,5,
ekoomazzda,4,
amaliasafari,4,
anggryadin,4,
ragilanton24,5,
adityazariel,5,
dazzataliet,5,
j4n4m3ng4g4st,5,
sofatqudroturobbi,5,
arifkriuk2121,1,
irfanlb14,4,
606620.850,5,
dennypp_,5,
zulfi_rhmnz,5,
l*****3,5,
r*****4,5,
dinarto_,5,
jawir05,5,
srosita29.,5,
f*****8,5,
sndwhyd,5,
adinda3,5,
a*****7,5,
herlambang_ap,5,
gresiam_,5,
dadangabdulrohman3,5,
lelimph,5,
,5,
m.ryn25,4,
amaryanafisah,4,
jajat552,4,
elgio_ar.rasyid,4,
dianyolan,5,
nulhakimlukman0107,5,
elvina.husnunnisa1999,5,
thaiteaalan,5,
endangaeni01,5,
marsupilamiii,5,
just.minee,5,
runydek,5,
sitinrlhkmh,4,
kamallrz,5,
gunturarianto4456,5,
26juli_2000.,5,
fahmimaulr,5,
muklas.robani123,4,
rafiarvawibowo,5,
sandrawidiyo19,5,
yanamuhmali123,5,
sukmameta_,5,
oktona,4,
vickyyuris,3,
shadiqiamri,3,
a*****7,4,
muhammadfairuzzaky,5,
cat_omen,5,
sandi.sanjaay,5,
widyautami10,5,
hkmhhik,5,
krismopaseko,5,
aadelyaas,5,
1234567890peri,5,
nisanurhartinah05,5,
riana0805,5,
dzulvaahgni31,4,
fajrin.99,3,
r.wijaya.id,5,
iyus_seganty,5,
rozybrilian,5,
rsuryaeff,4,
faltaz,3,
novisafitrilubis996,5,
uzzinoe,5,
firdamintari,5,
fadhlanhafidz44,5,
ian01111992,5,
faylann,5,
antonkuswandi,5,
firdanoviantika,5,
lewskyz,5,
fatihahdzikriaulia,5,
alifchigin,5,
harisindracahyadi,4,
nggraaaaa,5,
8firman7,5,
m*****h,5,
debbyputrapratama,5,
len_allu,5,
anggitasaputri19,4,
rachmdhidayat25,5,
mohrofiq614,5,
amburaka05,5,
saepudinsgua,5,
ekisubekty,5,
andyvander,5,
muhammadsyahriadi97,2,
violagracia25,4,
zxu094g6ua,4,
ryan_muhammad99,5,
intanhebat12,5,
mookimoo,5,
hekel06,5,
ressafatika,5,
ilmar.rifaldi,5,
slamet_01,5,
fikran04,5,
wahyu_adw,5,
rdwnarfn12,5,
shabinadea_,5,
aambiim,4,
azrazeela_22,5,
muhamadilham199,3,
handinirositawati,5,
shandiirfanisasmita,5,
dwisanggabuana,5,
a*****1,5,
thillwoyawoya,5,
movardoh,5,
winsy75,5,
armansyahriz,5,
faaii123,5,
amirafarahdiba,4,
raihanakbarrr,4,
dapid_1801,5,
deni.pir,5,
nirmalamhrn,5,
vilaputri23,5,
lasoa85,3,
a*****5,4,
erinnadewi,5,
_natha,5,
irvan_syah29,5,
anggi.khoerudin,5,
firstname18,4,
exsklusif,4,
woelan933,4,
eviemuftahir2014,4,
purwamulasakti,5,
rismayamayol,5,
renaldapratamadi,5,
fahmicrew12,5,
m*****l,5,
ffarozki30,5,
revanza_23,5,
syahruli.ruli,5,
izaa031097,5,
ar3399843,4,
opikml,5,
diniarri,5,
anggifebrian14,5,
adibachtiar11,5,
060602nz,5,
raheyy,5,
lynnulinnuha,4,
wahidkurniawan24,5,
parminbeks,5,
deviirmayanii,5,
khotibbsambas,5,
sofyanarif9,5,
rizkyapriantoputra98,5,
gilangsagita,4,
winatacongfu,4,
brother_shoes20,5,
rutamenta,5,
akbarhndrik,5,
falihatulwafiroh23,5,
luckyaprian,5,
n*****n,4,
wahyuahmad6798,5,
ripaywiggin,4,
era_aryanthi1301,4,
abdamn,5,
fadel981,5,
yanads,5,
intaniea,5,
ilhamrizkyaditya,5,
riffa_rmdyn,5,
dropside.officialstore,5,
wawansaefulloh46,5,
athurfadhliansyah019,5,
maryamahfatih,3,
abilcm50,4,
ihsansyahputra95,5,
rivanali12,5,
mankcecep,5,
mhmmdzaynarf,5,
,5,
2diyxyfoqr,4,
maya9222,4,
vickyhowan,5,
damazen1,5,
dhedi_26,5,
ahmadahsan8,5,
boim62,5,
arista.alts,5,
yayatruhiyat15,5,
rizalmnazar,5,
kurnia_nsk,4,
bagasluswantoro,4,
desiwidiasari31,4,
f*****g,4,
mulkimaaaaaaaa,5,
rizaabdii,5,
galangjaheraputra,5,
asepmahfudin_17,5,
daffaaqila13,5,
ivandul246,5,
achmad_ikhwan_saputro,4,
andhie507,5,
andrirahayu03,5,
herufrasstio,5,
hikmalhaqiqi950,5,
litatrisna4,5,
juanggaa,5,
im03jan99,5,
lifrapaiz,5,
ziokids.duoalfath,5,
suckyourdck,4,
rezamaulizaar,4,
m.rudho,5,
stefanusfajaryadi,5,
clvy8m3off,5,
fadilaenanda,5,
maestro.juna,5,
faisalabdrozak,5,
febimaulananugraha,5,
momofyuna,5,
selarasmode,4,
bayufe2007,5,
sltn24,5,
leefai12,5,
ashariilham,5,
bayufe2007,5,
heru.gunawn,5,
kurokuno,5,
t*****s,5,
yasied91,5,
imame24,5,
ibunyaalkhalifimauzaarsenio,5,
fafa_jamil,5,
handika190500,5,
agialkautsar,5,
lolainderiyani,5,
abras1992,5,
fatra013,5,
aditya2897,5,
selaclarasinta,5,
zulfandimas25,3,
jeniffer.lecraw12,5,
nopiandi11,4,
ahmadridhowan4215,4,
ahmadraka,4,
agungsetiawan1811,5,
plodoplo,4,
,5,
wahyu_ang,5,
,5,
dinaherma,5,
kaodis_official,5,
,5,
wandarmdni,5,
stovia123,5,
qoulunhafid,5,
pengepulhelmet_,5,
imrankurnini12345,5,
dimas261095,5,
malfitrn,5,
maulanaherbalist211,5,
fandyprihatnas,5,
riyans01,4,
w*****a,5,
dionanerta8181,5,
faisapipah,5,
oktavianabu,4,
r*****2,5,
dedy.afransyah,5,
mochammad_syakier77,5,
fakhruddinhanifnashrullah,5,
washlurachimsafitri,5,
retnoindahsarii,5,
s*****d,5,
bayyy.19,5,
yusuffff_,5,
alinawidiana,4,
jalalwijaya96,5,
liandiprasetio,5,
,5,
arifulbahwansyari,5,
kimgyubby,5,
cmgdbj9d98,5,
agustiyan040894,5,
rasyaputrahandani,5,
jalalwijaya96,5,
kimgyubby,5,
liandiprasetio,5,
idrisindah,3,
its.atariq,4,
suljalal,5,
anthonyeddy27,5,
yulianaaas_27,5,
naufalfauzan20102000,5,
r*****a,5,
amirulagustian,5,
hamidmanan,5,
ristaa.,5,
farez.b,5,
syahrulanwar177,5,
azisabiyoga19,5,
may_bread,5,
deo.syabana,4,
acam176,3,
alfiansyahbtanjubg,5,
sofiyandayusrizal,5,
muq0rr0b1n,4,
dhafabaladilamin91,4,
d*****o,5,
mujaji21,5,
aldiirawan517,5,
nabiladhalia,5,
akmalzed,5,
farhanabad,5,
miftahfadhil1,3,
alisodikinn44,3,
ikan.asin.berkah,3,
noviirania24,5,
muhammadtegar16,4,
deoadityaaa,5,
a*****h,5,
bagusgooners,5,
crissmyles07,5,
zosymus.official,5,
m.dani21,5,
tako27,5,
javasalfreda,5,
rizkiaminfauzi,5,
koepenpen,5,
nevallhrdt_,5,
mhandry,5,
bagus_saputra2004,5,
sulizsetyo,4,
ariefcaong,4,
dodipb26_,4,
kingsecondmart,4,
yedrahanif1,5,
wildanart21,5,
ghalangghazaly,5,
,5,
bajlaraldi,5,
riyan652,5,
tbfebbyardhian,5,
mrhenal7,5,
ryancavallera27,5,
ryancavallera27,5,
mmushab_20,3,
hehakuferry,4,
wahyusemmy14,4,
ekssalindmkbatam,4,
yulia0582,5,
rizky_1210,5,
,5,
gilangpandanu1998,5,
robyaldin,5,
,5,
donynaewo_,5,
defioctavia,5,
dony.sakti,5,
mohdanil,5,
masnobantul,5,
ricardo9796,5,
regirhamanda,5,
epannn1228,5,
ikwanwahyudhi,4,
adifit0606,5,
,3,
zailanmalini,5,
qiblanurzaman131313,4,
rozack_,4,
vitovidhi,4,
ratihrs12_,4,
faturtriambudi,5,
,5,
vatria190999,5,
mualim789,5,
m.eep.siroji,5,
faqihfirdauskp,5,
september28,5,
diazmalik,5,
agus.setia1708,5,
,5,
rifqi_nichol,5,
haqqin_nazili,5,
nurulhasanah_1811,5,
rafaellx,3,
nad1rakids,3,
muhafdal221,3,
ahmadsyah7,4,
ilwan.m.ilmawan,5,
ardhowww,5,
,5,
ceon20,5,
kancil12mail,5,
jaidijaidi1107,5,
i*****3,5,
trinoornamungkas,5,
harris.irawan21,5,
fikrirg93,5,
ildaherbalstore,5,
sfrhnsa,3,
samuelkapitan,4,
mochamad_ngimadudin,4,
amridojaya,5,
fikrihaykal0202,5,
heru060689,5,
indramuhammadjsjs,5,
rizki_fuazan,5,
marchellramotmanurung,5,
vierawww,5,
faisal_pp,5,
yadusabar,5,
fajrisutaro,5,
r*****q,5,
yahyamazhuri,4,
holisnur207,5,
dodikpray,5,
ratumsysfa20_,5,
epra_10,5,
ahmd_habib23,5,
ika.farihah,5,
putradenasri,5,
ndryrabany,5,
agusdwiistanto,5,
royanxxbsy,5,
8ke04ovdkr,5,
arysaputro01,4,
w*****e,4,
ama1530,4,
isvayadi,4,
rajaannasfauzyy18,5,
,4,
winsatria,5,
fahruladji09,5,
ahmadroza123,5,
y*****i,5,
eellmunawar,5,
dwygeol,5,
athifmzain,5,
ade3s,5,
petapaxgenit,5,
cristin_melianawati,5,
antynurhayati1234,5,
saefull12345,4,
,4,
,5,
ryan.rismansyah,5,
asmirali,5,
amirul062,5,
deltaputrar,5,
ridhoo91,5,
edintaputra,5,
saefultabrin16,5,
selpaputraperdana,4,
fendywidagdo,5,
arininoviasanti07,5,
muh_syuaib,5,
roisson,5,
hariri107,5,
wzkt14,5,
alians85,5,
herisee,5,
donkohesi,5,
syauqi_aqlan_ramadhan,5,
ijallsantosa,3,
woyberantem,3,
rizkiramadhanv,4,
yeyenajaaa,5,
euisnurliani,5,
ibnualimohammad,5,
s*****q,5,
mtmorthega,5,
indah07aprilia22,5,
yudiashidqiaw,5,
raiswidodo,5,
obidichunk,5,
miljanradovic,5,
mn.fief,4,
athfsl,4,
ablrozaq,4,
bagusprmdyaa,4,
lindasukamtolinda,5,
sagareyscoot,5,
afen_dy,5,
sariarta5951,5,
cahyasat,5,
reynaldpurba94,5,
romihidays,5,
ariel_yudistira,5,
anggahfabs,5,
arsyadalmersyah03,5,
naomimareta,5,
sixelse,5,
stevenpioh11,5,
dionrosyid76,5,
muthsetum,5,
q2f2cy28_o,5,
tantowi_yp,4,
candra.17,4,
mhdyodi,5,
thobibhackim,5,
syaiful106,5,
deery1993,5,
danangsetio05,5,
hanafi.fs_12,5,
wildanbantar,5,
sulaiimii,5,
j5mw0snh1n,5,
bntng11,5,
habibganda,5,
brotohadiwinata10,5,
lutfiazis190701,5,
,5,
cucunsupriatna_,4,
ardetahfidz,4,
g*****7,4,
m*****n,1,
irfansuprianjaya10,5,
prayogatingky,5,
akbararafad,5,
jssspeedsghop,5,
tiyas11108,5,
selfira._,5,
scvenom,5,
fyeen,5,
tiyas11108,5,
us3le5s,4,
mzidhan23,4,
didihen,4,
d*****a,5,
,3,
lilydorisa,4,
andikakumara,5,
muhammad_setia20,5,
buddy_tb,5,
faridrayhan,5,
sarahsiti7766,5,
malasngoding.com,4,
ikylawalata,4,
d4v1dp123,3,
rakabiyam,4,
aliftio28,4,
guidoyuda,5,
ahmadakusuma,5,
imanroman2107,5,
rehan028,5,
ikeesaktianaardianto,4,
ndaknduwejeneng123,4,
brother_thrift,5,
dhanuuuu,5,
mutia_discus,5,
08_22_96_89_80_75,5,
o81keixon5,5,
the1875,5,
muhammadfajarnas,5,
darul_lesmanaa,5,
muhammadzuhriiiii,5,
iko_hatamimi,4,
jauvinm,4,
filipusferry,5,
ayyashyahya,3,
rahmadanis97,4,
yuyun_yulinah14,3,
,5,
aldi_bahri,5,
misbahkul23.,5,
doedas963,5,
hsng1q0faj,5,
rivalbogor,5,
nadekda,5,
,4,
rasyidpratama7,4,
dickyriyqn,4,
alivpenyox,3,
rzkyy12__,5,
imammuarif2002,1,
friscaandayani357,5,
deryjuhna,5,
yudaeptr23,5,
riskaayuu98,5,
,5,
jumadifebriadi,5,
riofaldy11,5,
hidayanthi12,5,
antoniusbagus10,5,
,4,
derifrata,4,
riskytanto,4,
humaidi999,4,
kode_keras,5,
9zn_wucppe,5,
rizalsetyapramana,5,
0un1sv1d2_,4,
danirizaldi122,4,
aangletoy,4,
dalif688,4,
mfathinnaufal,4,
dimasaldy22,4,
,5,
nununugrahazx31,5,
m*****9,5,
alfiah_dwid,5,
debiasmek1807,5,
amirahdianto,5,
,5,
opa_19,3,
,3,
wildan013_,5,
afriyadhibgs,5,
aliffitraanugrah,5,
ahmadyahya4444,5,
s*****_,5,
eigermonth,5,
rianaian,4,
,5,
yusianggraini290898,5,
wildanfitra22,5,
lanjolanjolai,5,
rifqikusnindarm,2,
local.indi,5,
6058_7991_0011,5,
rap7pliibm,5,
mrizkyfeb24,4,
,5,
,5,
mohamadfazarudinyusup,5,
_sx_856j6b,5,
lusiana097,5,
yegirizki25,5,
hamdani_abid,5,
a*****7,5,
eriqfarikhin,4,
nandito.s.a.p_99,5,
,3,
riscy_umbur22,5,
ricalnasution22,5,
muhammadamin060,5,
fikri_kurniawan,5,
a*****r,5,
aldaaudinuryawan117,5,
dd9cjdzz2m,4,
putrioctaviasijabat,5,
didaardika,5,
sulthanrr22,5,
nanang_rifqi,5,
ghitryms,5,
berkah_bekas,5,
ani2607,5,
mochamadiqbalabdiriadi,5,
ina.naya30,5,
hanifaji23,5,
,5,
,5,
,5,
,5,
,5,
rzqmaulanaa,5,
apridho14,5,
robertuskristian161,5,
mas_choe,5,
hanifsaputraa,5,
prian_widad01,5,
,5,
siswanto.andik,5,
,5,
intandevita,5,
,5,
,5,
,5,
devianmaulana26,5,
bmpzmp,5,
kk12bila,5,
ojn7b2qnrm,5,
diaaaaaaaan2020,5,
glgsgt,5,
ryqea7jepw,5,
davinkristiawan,5,
diah27puspita,5,
giorno999977,5,
,5,
,5,
bang.ian,5,
ariefrifkihusnaeni,5,
wahyualghifary23051995,5,
dafalafaqih,5,
ecephelmi07,5,
afikaaaa24,5,
rifat_23,5,
jizlu,5,
enom1,5,
yudhawonk,5,
khalifrahmann,5,
jimmyekohi,5,
radetama,5,
,5,
zaharafajar,5,
pasaquatic,5,
yudhamaulana321,5,
irwanharjantos,5,
,5,
restugistian27,5,
adeseptianty234,5,
divaasikumbang_,5,
elisa_gladis,5,
hanif1012,5,
intantann123,5,
aqilbusri,5,
adaeroby,5,
irhassiiagam,5,
agusparwoto14,5,
andidarmahera,5,
sabilars,5,
dhiya110,5,
jordiarief,5,
gladlatif10_,5,
trisubakti21,5,
d*****s,5,
muhammadalihafi,5,
circuito,5,
azhelin2304,5,
nragst,5,
zulkaidah091,5,
z*****0,5,
empinkdauzs,5,
atsilahaulia,5,
arrizalr,5,
nazillahkh,5,
lutfhihabibi,5,
dwi_arianto10,5,
fatahilla04,5,
michaelvictor22,5,
gandajulianda,5,
iwangnrsd10,5,
400p_jrzoo,5,
rossyissor,5,
tegarjulyanes,5,
,5,
a*****a,5,
bima_widi00,5,
muhlis241,5,
harjosulaeman_,5,
afifahalfiah,5,
akbarbilal20,5,
aidaa_123,5,
bangunrendinugraha,5,
leni.oktaria10,5,
dayataja597,5,
faiz_ridho22,5,
pdewil02,5,
beres_07,5,
chandrazulkarnain,5,
m.fersita,5,
,5,
,5,
mustainz,5,
,5,
021220syf,5,
asriswr,5,
dwi161220,5,
dewabismaaa,5,
sean2360,5,
kusumaarga,5,
,5,
h*****4,5,
ikanh99,5,
hendrahidayatakbar,5,
rachmanrizkiansyah,5,
s.m.akmal,5,
ordricksukasah,5,
rahmadriyan,5,
dikdiks22,5,
60gxkj12l6,5,
ariofitono0908,5,
iisatria,5,
s_jus9touw,5,
imam_albana,5,
olipialaa,5,
riskyyanto1206,5,
apaapacet,5,
abiq11,5,
kukuhmiko,5,
dio_ghibran,5,
,5,
tianputra6,5,
delvik123,5,
hanann65,5,
miraa.hutagalung_,5,
gerlddd,5,
yukuy,5,
rafli_rip,5,
irmapama05,5,
hsidosh,5,
rgg5ba54ce,5,
rxxxo,5,
nengsihjunengsih713,5,
afrahusnun,5,
a*****_,5,
toko_manisun,5,
chorinpr1234,5,
rahmatzein07,5,
meca_u9455,5,
baharaslam,5,
justinananta23,5,
ridostwn_,5,
adan_8,5,
aldi2021986,5,
m*****h,5,
faisal.nur,5,
h.ghatta,5,
zanuarzanuar,5,
samsiwalkomar,5,
bagasmuliadharmika,5,
ramlysyawal,5,
ando816,5,
vtdcvxt92g,5,
riza_fahlefi23,5,
jepandaxx,5,
yudikusnadi111,5,
gwe3ewvhb4,5,
basskres,5,
redhi28,5,
stvnolhnda,5,
cindyputrii19,5,
akbar.casper.25,5,
haafidh1,5,
xxiwonn_,5,
riekediahfitaloka,5,
namiabdialex,5,
elmatriana99,5,
saktitrance,5,
l61a8huv59,5,
fernandksuy,5,
yesintarin29,5,
ftchr.r,5,
elennn2,5,
triawanprasojo,5,
irfan.yuniarta,5,
inamanoma,5,
7crs0u3y_l,5,
vioonganakabah,5,
ajaisptra,5,
abiyyumuffid,5,
a*****8,5,
m*****6,5,
agustianprakoso,5,
malik.sapura123,5,
fajarfahrurrozu,5,
riyanriyan997,5,
reihan2810,5,
hanif.0233,5,
syahrur_hamtaro,5,
perlyyy,5,
s*****a,5,
hengkybejaz,5,
rantipurwntii,5,
afdillahnasyit,5,
acengabdulaziz_8,5,
irfanpermana92,5,
wawanwandira8,5,
syahrulkasim21,5,
nauprahaditya,5,
danill12234,5,
alya_ulfa12,5,
bgserwanto,5,
s.ramadhan16,5,
d*****9,5,
muharirmuharir397,5,
jinghibrid,5,
wahyunurmalsyi00,5,
grosirhijab92,5,
hatami_14,5,
herricandra,5,
f*****h,5,
tegarzulfikar12,5,
dhiah_siuce,5,
awangrafi973,5,
qiaibna771,5,
lovesafrian,5,
harissaputra282,5,
fahmialashar07,5,
qx1_kf6awf,5,
s*****z,5,
a*****i,5,
reyhanalkadri,5,
slametsupriyanto790,5,
yadisupriadi180583,5,
yogananto12,5,
nckri.padang,5,
nazilafzh,5,
adnan.irgi,5,
obitfjr,5,
nurmahmudi20,5,
ardiansyahmaydanitaaa,5,
gerlddd,5,
yukuy,5,
rafli_rip,5,
irmapama05,5,
hsidosh,5,
rgg5ba54ce,5,
rxxxo,5,
nengsihjunengsih713,5,
afrahusnun,5,
a*****_,5,
toko_manisun,5,
chorinpr1234,5,
rahmatzein07,5,
meca_u9455,5,
fahri.sng,5,
maliqpajar,5,
j*****y,5,
riskiiki212,5,
mudah.raseki,5,
wigatirahayi,5,
fikriansyah221,5,
irvanalimustofa11,5,
akbarsyaiful538,5,
sgandi001,5,
rizkyrusmawan877,5,
i*****n,5,
l61a8huv59,5,
fernandksuy,5,
yesintarin29,5,
ftchr.r,5,
elennn2,5,
ditoarmana0,5,
riadipmip,5,
a*****a,5,
chan0707_,5,
_zendy,5,
chahkawi,5,
vin_apin94,5,
u*****a,5,
mochamadiqbalabdiriadi,5,
ina.naya30,5,
hanifaji23,5,
,5,
apridho14,5,
robertuskristian161,5,
mas_choe,5,
hanifsaputraa,5,
,5,
021220syf,5,
asriswr,5,
dwi161220,5,
kusumaarga,5,
,5,
intandevita,5,
prian_widad01,5,
,5,
siswanto.andik,5,
,5,
rzqmaulanaa,5,
m.fersita,5,
,5,
,5,
sean2360,5,
anggisetiawan_38,2,
arif_syaiful97,4,
de_phins,4,
d*****e,4,
muadaffa98,4,
,4,
ferdyatc,4,
abizarwahid,4,
rayyishanig13,4,
,4,
franskrikets,4,
,4,
akiraneu,4,
muhroshin.anwar,4,
winawdr213678,4,
rifkywd22,4,
ismailadityaaa,4,
,4,
andrikostipen,4,
javierzufar,4,
dedy_proyogi,4,
r50p_vaxnc,4,
freditya17,4,
suryakece1212,4,
m*****h,4,
aliakbarrrrrrrrrrr,4,
myjack31,4,
izalonce,4,
,4,
odin1995,4,
herrycahyo28,4,
6_axo7q0_1,4,
hansalamsyah007,4,
enghnkl,4,
hndkrn_,4,
sriilindaa,4,
nndabudi,4,
kumbanglananglanang,4,
ahmadriadi362,4,
masonmount375,4,
hayatiseftiany,4,
yoga.syaiful.bahri,4,
riaky0205,4,
i*****7,4,
lukmangozilla,4,
rifaldimuh,4,
rzqie06,4,
hamdany073,4,
i*****3,4,
sutanfatah,4,
eepaann,4,
82rgyig0tb,4,
iqram_official,4,
andia000,4,
muhayah09,4,
kazien,4,
lvps_eoew1,4,
jumadliversyahputra,4,
dhewicandra_,4,
muhammadanshoruddin,4,
nitainday,4,
,4,
,4,
lulubabi,4,
iralhabsy98,4,
,4,
wahyuzakymaulana,3,
deni12gunawan93,3,
bang_puj,3,
fairusnfl_,3,
agym_bachtiyar13,3,
oooonih,3,
naufalfurqon123,3,
ankaz,3,
thisisafhum,3,
fahrusamna09,3,
fauzanalan878,3,
yayayr,3,
,3,
aflaazer,3,
sandyihrp,3,
saenmobile,3,
naynaneng12,3,
sansardiansyah,3,
9e1jvhnram,3,
ipoenksidartha,3,
khodijahes,3,
ojanfau,1,
niko2943,2,
rahamathidayat87,1,
